date,demand_mean,demand_max,demand_min,price_mean,price_max,temp_max,temp_min,temp_mean,precip_sum,wind_max,dow,month,is_weekend,doy,year,is_holiday,demand_mean_lag1,demand_mean_lag7,temp_mean_lag1,cdd,hdd
2023-08-08,8226.675416666667,10477.72,6325.46,102.06381944444445,724.99,17.6,8.7,12.404167,5.0,15.725037,1,8,0,220,2023,0,8429.341840277779,7833.14087108014,12.333333,0.0,5.595833000000001
2023-08-09,7875.717083333333,10129.58,5597.62,57.91690972222222,299.99,19.85,7.05,12.987499,0.0,19.0392,2,8,0,221,2023,0,8226.675416666667,8304.778333333334,12.404167,0.0,5.012501
2023-08-10,7849.385868055555,9986.71,5966.64,71.5604513888889,625.69,22.55,8.55,15.216668,0.0,33.532215,3,8,0,222,2023,0,7875.717083333333,7924.574965277778,12.987499,0.0,2.7833319999999997
2023-08-11,7881.148715277778,9914.63,5647.18,76.11861111111111,299.99,18.55,7.6,12.829169,0.0,16.595179,4,8,0,223,2023,0,7849.385868055555,7693.880486111111,15.216668,0.0,5.170831
2023-08-12,7490.395902777778,9386.74,5466.0,81.82722222222223,285.0,20.35,5.4,12.175002,0.0,13.392774,5,8,1,224,2023,0,7881.148715277778,7730.350937499999,12.829169,0.0,5.824998000000001
2023-08-13,7661.7321180555555,10051.64,6233.53,95.55746527777778,299.99,17.4,10.2,13.260417,0.5,17.782688,6,8,1,225,2023,0,7490.395902777778,7693.427256944444,12.175002,0.0,4.739583
2023-08-14,8596.978680555556,11209.27,6469.21,152.51875,495.82,16.15,10.3,12.827083,13.000003,15.281989,0,8,0,226,2023,0,7661.7321180555555,8429.341840277779,13.260417,0.0,5.172917
2023-08-15,8367.384409722223,10785.54,6710.81,280.6101388888889,16500.0,15.35,8.45,11.695834,1.2,23.444265,1,8,0,227,2023,0,8596.978680555556,8226.675416666667,12.827083,0.0,6.304166
2023-08-16,8300.150451388889,10759.23,6475.6,129.26979166666666,321.46,15.7,7.4,11.237499,0.70000005,13.441071,2,8,0,228,2023,0,8367.384409722223,7875.717083333333,11.695834,0.0,6.762501
2023-08-17,8084.721076388889,10405.29,5945.94,94.60347222222222,299.99,19.35,6.35,12.033333,1.5,15.629971,3,8,0,229,2023,0,8300.150451388889,7849.385868055555,11.237499,0.0,5.966666999999999
2023-08-18,7956.466180555555,10426.0,6079.8,69.33763888888889,200.01,16.65,10.7,13.010415,3.7999997,34.921856,4,8,0,230,2023,0,8084.721076388889,7881.148715277778,12.033333,0.0,4.989585
2023-08-19,7488.216284722223,9756.92,5221.4,40.43829861111111,130.01,17.65,8.05,12.283333,0.0,26.82906,5,8,1,231,2023,0,7956.466180555555,7490.395902777778,13.010415,0.0,5.716666999999999
2023-08-20,6950.833090277778,9350.27,4653.4,65.78361111111111,299.99,20.6,10.05,14.918752,0.0,23.233253,6,8,1,232,2023,0,7488.216284722223,7661.7321180555555,12.283333,0.0,3.0812480000000004
2023-08-21,7512.490833333333,9833.76,5422.17,95.92309027777777,299.99,20.2,8.15,13.143749,0.0,14.578888,0,8,0,233,2023,0,6950.833090277778,8596.978680555556,14.918752,0.0,4.856251
2023-08-22,7647.314861111112,9635.99,5902.05,102.26697916666666,299.99,23.2,8.05,14.722917,0.0,14.773164,1,8,0,234,2023,0,7512.490833333333,8367.384409722223,13.143749,0.0,3.2770829999999993
2023-08-23,7718.764236111111,9986.89,5932.48,100.56697916666667,299.99,17.95,10.75,14.345834,0.5,24.187069,2,8,0,235,2023,0,7647.314861111112,8300.150451388889,14.722917,0.0,3.654166
2023-08-24,7766.531215277779,9929.0,6079.23,81.3535763888889,300.7,18.55,9.35,13.4375,0.4,13.32,3,8,0,236,2023,0,7718.764236111111,8084.721076388889,14.345834,0.0,4.5625
2023-08-25,7573.833090277778,9576.25,5292.59,75.69381944444444,299.99,19.55,7.15,12.610417,0.0,13.397612,4,8,0,237,2023,0,7766.531215277779,7956.466180555555,13.4375,0.0,5.389583
2023-08-26,7085.734930555555,8888.36,5159.5,64.85222222222222,200.01,18.95,8.25,12.889583,0.8,12.7279215,5,8,1,238,2023,0,7573.833090277778,7488.216284722223,12.610417,0.0,5.110417
2023-08-27,6808.498159722222,9125.68,4692.54,66.24368055555556,259.34,19.45,8.4,13.381248,0.5,15.725037,6,8,1,239,2023,0,7085.734930555555,6950.833090277778,12.889583,0.0,4.618752000000001
2023-08-28,7469.545451388888,9818.23,5875.04,101.73611111111111,308.07,20.1,8.8,13.697918,0.5,16.965895,0,8,0,240,2023,0,6808.498159722222,7512.490833333333,13.381248,0.0,4.302082
2023-08-29,7345.390104166667,9406.34,5230.59,62.00100694444445,242.89,21.2,7.7,14.304166,0.0,18.03237,1,8,0,241,2023,0,7469.545451388888,7647.314861111112,13.697918,0.0,3.6958339999999996
2023-08-30,7474.182430555556,9547.64,5369.52,80.69232638888889,299.99,25.05,8.2,15.7625,1.7,17.283749,2,8,0,242,2023,0,7345.390104166667,7718.764236111111,14.304166,0.0,2.2375000000000007
2023-08-31,7411.438611111111,9493.34,5756.58,62.99576388888889,230.0,17.8,9.8,13.814584,0.8000001,18.25026,3,8,0,243,2023,0,7474.182430555556,7766.531215277779,15.7625,0.0,4.185416
2023-09-01,7484.139826388889,9739.3,5445.28,99.52170138888889,299.99,17.35,9.9,13.618751,0.2,33.908863,4,9,0,244,2023,0,7411.438611111111,7573.833090277778,13.814584,0.0,4.381249
2023-09-02,6995.775069444444,9117.17,4870.8,81.37802083333332,293.36,16.6,8.5,13.052083,0.0,17.298738,5,9,1,245,2023,0,7484.139826388889,7085.734930555555,13.618751,0.0,4.947917
2023-09-03,6619.723680555555,8910.39,4267.92,46.85583333333333,182.56,18.4,7.65,12.677083,0.0,14.345898,6,9,1,246,2023,0,6995.775069444444,6808.498159722222,13.052083,0.0,5.322917
2023-09-04,7227.815833333333,9431.11,5272.07,202.9690277777778,16599.89,19.2,7.65,13.752083,0.0,21.650938,0,9,0,247,2023,0,6619.723680555555,7469.545451388888,12.677083,0.0,4.247916999999999
2023-09-05,6916.161736111111,9170.05,4691.69,48.94173611111111,299.98,23.9,12.05,16.825,0.6,22.380884,1,9,0,248,2023,0,7227.815833333333,7345.390104166667,13.752083,0.0,1.1750000000000007
2023-09-06,7132.607326388888,9427.18,4882.31,72.13989583333334,431.45,20.5,7.35,14.283334,0.0,25.944988,2,9,0,249,2023,0,6916.161736111111,7474.182430555556,16.825,0.0,3.716666
2023-09-07,7117.273194444444,9024.13,5028.03,53.728541666666665,261.07,23.25,7.25,16.69375,0.0,27.792374,3,9,0,250,2023,0,7132.607326388888,7411.438611111111,14.283334,0.0,1.3062499999999986
2023-09-08,7543.1440625,9601.35,5864.09,56.669756944444444,145.0,19.35,11.45,15.952085,4.7999997,31.667723,4,9,0,251,2023,0,7117.273194444444,7484.139826388889,16.69375,0.0,2.0479149999999997
2023-09-09,6754.943194444444,9149.17,4118.3,42.558819444444445,299.99,18.7,7.95,12.320831,0.0,19.652176,5,9,1,252,2023,0,7543.1440625,6995.775069444444,15.952085,0.0,5.679169
2023-09-10,6790.840486111111,9386.05,4406.6,65.56,230.0,18.4,6.4,11.870833,0.0,18.36353,6,9,1,253,2023,0,6754.943194444444,6619.723680555555,12.320831,0.0,6.129167000000001
2023-09-11,7352.805868055555,9856.18,5241.74,97.2129513888889,299.99,18.75,6.25,12.368751,0.0,16.299694,0,9,0,254,2023,0,6790.840486111111,7227.815833333333,11.870833,0.0,5.631249
2023-09-12,7392.510868055555,9523.54,5450.59,95.6329513888889,362.36,20.15,7.6,13.470833,0.0,12.979984,1,9,0,255,2023,0,7352.805868055555,6916.161736111111,12.368751,0.0,4.529166999999999
2023-09-13,7067.322673611111,9157.64,4847.45,81.26215277777777,299.99,21.85,8.2,14.287499,0.0,12.57426,2,9,0,256,2023,0,7392.510868055555,7132.607326388888,13.470833,0.0,3.7125009999999996
2023-09-14,6946.797881944444,8968.9,4899.58,61.309756944444445,214.32,24.25,7.8,15.549998,0.0,14.88242,3,9,0,257,2023,0,7067.322673611111,7117.273194444444,14.287499,0.0,2.4500019999999996
2023-09-15,6771.422847222222,8497.13,4928.12,41.40461805555556,452.08,26.6,7.8,17.420835,0.0,22.728518,4,9,0,258,2023,0,6946.797881944444,7543.1440625,15.549998,0.0,0.5791649999999997
2023-09-16,6268.541979166667,8265.54,4368.05,29.083472222222227,442.37,31.6,11.35,21.885416,0.0,21.542923,5,9,1,259,2023,0,6771.422847222222,6754.943194444444,17.420835,3.8854159999999993,0.0
2023-09-17,6164.261319444445,8601.13,4211.15,35.919826388888886,299.99,31.4,15.45,22.706247,0.0,16.09969,6,9,1,260,2023,0,6268.541979166667,6790.840486111111,21.885416,4.706247000000001,0.0
2023-09-18,6987.122395833333,9579.62,5250.22,78.93177083333333,299.99,31.85,11.5,21.639582,0.0,21.611996,0,9,0,261,2023,0,6164.261319444445,7352.805868055555,22.706247,3.6395820000000008,0.0
2023-09-19,7150.676388888889,9691.96,5583.36,52.76732638888889,299.99,33.95,11.9,23.714584,0.0,18.331741,1,9,0,262,2023,0,6987.122395833333,7392.510868055555,21.639582,5.7145839999999986,0.0
2023-09-20,7288.130520833332,9875.21,5694.24,48.007465277777776,150.01,33.85,19.4,26.525,0.0,32.619255,2,9,0,263,2023,0,7150.676388888889,7067.322673611111,23.714584,8.524999999999999,0.0
2023-09-21,6759.911701388889,8807.93,5038.67,66.29493055555555,299.99,22.45,14.4,17.399998,0.90000004,30.319181,3,9,0,264,2023,0,7288.130520833332,6946.797881944444,26.525,0.0,0.6000019999999999
2023-09-22,6915.247916666666,8636.22,5497.24,55.87305555555556,299.99,17.7,10.85,15.045831,0.5,24.014996,4,9,0,265,2023,0,6759.911701388889,6771.422847222222,17.399998,0.0,2.9541690000000003
2023-09-23,6545.299201388889,8314.07,4984.3,39.78961805555556,299.99,19.3,9.65,14.525001,0.0,15.484185,5,9,1,266,2023,0,6915.247916666666,6268.541979166667,15.045831,0.0,3.4749990000000004
2023-09-24,6213.8346875,8456.32,3967.21,32.966458333333335,299.98,19.9,8.05,14.270832,0.0,18.331741,6,9,1,267,2023,0,6545.299201388889,6164.261319444445,14.525001,0.0,3.7291679999999996
2023-09-25,6573.951666666667,8760.05,4623.73,53.90795138888889,219.82,24.05,7.95,16.252083,0.0,21.407139,0,9,0,268,2023,0,6213.8346875,6987.122395833333,14.270832,0.0,1.747917000000001
2023-09-26,6877.990381944444,8725.79,5637.93,83.48159722222222,299.99,20.75,10.8,16.11875,3.8,25.6233,1,9,0,269,2023,0,6573.951666666667,7150.676388888889,16.252083,0.0,1.8812500000000014
2023-09-27,6887.717951388889,8778.8,5289.62,59.85881944444444,299.98,22.1,12.15,17.058336,3.9,17.313717,2,9,0,270,2023,0,6877.990381944444,7288.130520833332,16.11875,0.0,0.9416639999999994
2023-09-28,7043.641527777778,8802.57,5876.0,67.93784722222222,150.01,21.2,13.15,17.360416,4.0,17.727943,3,9,0,271,2023,0,6887.717951388889,6759.911701388889,17.058336,0.0,0.6395839999999993
2023-09-29,6677.804201388889,8511.0,4871.3,46.13982638888889,447.09,26.05,10.9,16.974998,0.0,15.463244,4,9,0,272,2023,0,7043.641527777778,6915.247916666666,17.360416,0.0,1.0250020000000006
2023-09-30,6242.4757291666665,8351.46,4009.7,38.212673611111114,299.98,25.3,11.0,18.279167,0.0,24.821732,5,9,1,273,2023,0,6677.804201388889,6545.299201388889,16.974998,0.27916700000000105,0.0
2023-10-01,6416.643611111112,8976.98,4366.28,14.206388888888888,76.14,35.05,15.25,24.65625,0.0,30.45566,6,10,1,274,2023,0,6242.4757291666665,6213.8346875,18.279167,6.65625,0.0
2023-10-02,6105.211805555556,8220.75,4111.87,31.719652777777778,143.87,21.9,15.65,18.8625,0.0,22.608458,0,10,0,275,2023,0,6416.643611111112,6573.951666666667,24.65625,0.8625000000000007,0.0
2023-10-03,7299.122465277778,9847.29,5806.54,80.05340277777778,299.99,34.6,15.9,24.924997,0.0,25.099514,1,10,0,276,2023,0,6105.211805555556,6877.990381944444,18.8625,6.924997000000001,0.0
2023-10-04,7505.728506944444,8762.08,6109.03,71.49225694444445,199.68,27.3,13.25,21.891668,13.599999,24.94413,2,10,0,277,2023,0,7299.122465277778,6887.717951388889,24.924997,3.8916679999999992,0.0
2023-10-05,6434.043715277778,8390.91,4309.75,28.495069444444443,136.0,21.5,12.15,16.277082,0.0,29.168886,3,10,0,278,2023,0,7505.728506944444,7043.641527777778,21.891668,0.0,1.722918
2023-10-06,6708.643020833333,8298.76,5037.8,58.040625000000006,299.98,21.1,10.75,15.168748,1.2,27.852928,4,10,0,279,2023,0,6434.043715277778,6677.804201388889,16.277082,0.0,2.831251999999999
2023-10-07,6128.116736111111,7832.9,4213.69,40.996875,125.34,17.75,12.35,14.935417,2.0,23.023119,5,10,1,280,2023,0,6708.643020833333,6242.4757291666665,15.168748,0.0,3.0645830000000007
2023-10-08,5929.911076388888,7967.13,3868.54,40.737743055555555,140.02,20.85,9.0,14.554168,0.4,18.0036,6,10,1,281,2023,0,6128.116736111111,6416.643611111112,14.935417,0.0,3.4458319999999993
2023-10-09,6372.725763888889,8389.96,4355.02,40.33541666666667,166.17,23.55,8.45,16.304167,0.0,23.090569,0,10,0,282,2023,0,5929.911076388888,6105.211805555556,14.554168,0.0,1.6958330000000004
2023-10-10,6639.281875,8362.12,4854.33,70.75277777777778,299.99,20.5,12.2,16.956251,2.3999999,17.651016,1,10,0,283,2023,0,6372.725763888889,7299.122465277778,16.304167,0.0,1.0437489999999983
2023-10-11,6534.647118055556,8472.94,4571.7,44.98833333333333,299.98,24.1,11.7,18.331251,0.1,26.064596,2,10,0,284,2023,0,6639.281875,7505.728506944444,16.956251,0.33125100000000174,0.0
2023-10-12,6839.297604166666,9349.07,5036.47,42.33315972222223,140.02,31.75,11.1,21.35,0.3,39.33072,3,10,0,285,2023,0,6534.647118055556,6434.043715277778,18.331251,3.3500000000000014,0.0
2023-10-13,6265.404652777778,8061.87,4261.58,21.594409722222224,100.01,23.55,11.95,16.68542,1.7,23.266697,4,10,0,286,2023,0,6839.297604166666,6708.643020833333,21.35,0.0,1.3145799999999994
2023-10-14,6021.093125,7833.3,4038.24,14.815798611111111,69.32,27.5,12.1,19.7875,0.0,15.716793,5,10,1,287,2023,0,6265.404652777778,6128.116736111111,16.68542,1.7875000000000014,0.0
2023-10-15,5912.643784722222,8061.03,3902.77,30.973368055555554,226.91,23.6,12.65,18.206251,0.0,21.542923,6,10,1,288,2023,0,6021.093125,5929.911076388888,19.7875,0.20625100000000174,0.0
2023-10-16,6730.656493055556,8488.56,5255.28,37.37347222222222,138.97,26.3,10.9,16.822916,3.1000001,38.479603,0,10,0,289,2023,0,5912.643784722222,6372.725763888889,18.206251,0.0,1.1770840000000007
2023-10-17,6813.642430555556,8528.63,5159.69,49.920520833333335,290.21,18.0,11.65,15.216667,0.9000001,29.784426,1,10,0,290,2023,0,6730.656493055556,6639.281875,16.822916,0.0,2.7833330000000007
2023-10-18,6652.811388888888,8339.15,4898.5,69.7671875,299.99,20.9,13.4,17.120834,0.2,14.76439,2,10,0,291,2023,0,6813.642430555556,6534.647118055556,15.216667,0.0,0.8791660000000014
2023-10-19,6679.172048611112,8357.81,4847.18,63.7721875,299.99,22.75,10.6,16.68125,0.1,21.434364,3,10,0,292,2023,0,6652.811388888888,6839.297604166666,17.120834,0.0,1.3187500000000014
2023-10-20,6507.219756944444,8290.9,4603.02,39.88715277777778,142.35,24.3,10.4,18.097918,0.0,23.979893,4,10,0,293,2023,0,6679.172048611112,6265.404652777778,16.68125,0.09791799999999995,0.0
2023-10-21,6212.297222222222,8175.99,4233.81,29.35319444444444,299.99,24.55,15.0,19.941668,0.0,30.472675,5,10,1,294,2023,0,6507.219756944444,6021.093125,18.097918,1.941668,0.0
2023-10-22,5920.344409722222,8189.26,3957.9,10.524861111111113,105.15,27.45,15.15,21.685417,0.0,18.888851,6,10,1,295,2023,0,6212.297222222222,5912.643784722222,19.941668,3.685417000000001,0.0
2023-10-23,6449.674479166667,8622.43,4539.15,38.059756944444445,212.37,26.05,12.65,19.13125,0.0,20.570463,0,10,0,296,2023,0,5920.344409722222,6730.656493055556,21.685417,1.1312500000000014,0.0
2023-10-24,6897.6284375,9373.03,4866.39,51.0021875,2054.0,28.7,11.7,19.95625,0.0,24.993437,1,10,0,297,2023,0,6449.674479166667,6813.642430555556,19.13125,1.9562500000000007,0.0
2023-10-25,6650.712222222222,8432.79,4857.97,28.437395833333333,268.0,22.55,15.4,19.468748,0.8,24.993439,2,10,0,298,2023,0,6897.6284375,6652.811388888888,19.95625,1.4687480000000015,0.0
2023-10-26,7190.300381944445,8765.06,6130.59,69.6476736111111,379.57,16.2,12.4,14.416667,9.8,31.311724,3,10,0,299,2023,0,6650.712222222222,6679.172048611112,19.468748,0.0,3.5833329999999997
2023-10-27,6951.195520833334,8358.05,5579.68,47.45836805555555,299.99,16.9,13.45,15.1125,5.7999997,31.170673,4,10,0,300,2023,0,7190.300381944445,6507.219756944444,14.416667,0.0,2.8874999999999993
2023-10-28,6300.507256944445,7845.21,4482.23,28.872708333333335,299.99,19.85,11.8,15.697917,0.0,17.25373,5,10,1,301,2023,0,6951.195520833334,6212.297222222222,15.1125,0.0,2.3020829999999997
2023-10-29,5870.749375,7977.47,3664.34,32.424062500000005,299.99,24.5,9.65,17.670835,0.0,25.35637,6,10,1,302,2023,0,6300.507256944445,5920.344409722222,15.697917,0.0,0.3291649999999997
2023-10-30,6834.198333333334,9112.95,4857.57,33.06572916666667,299.99,33.4,10.8,22.7125,0.0,20.364674,0,10,0,303,2023,0,5870.749375,6449.674479166667,17.670835,4.712499999999999,0.0
2023-10-31,6708.0571875,8391.39,5005.8,43.440694444444446,212.58,28.95,14.95,21.29375,0.0,32.535713,1,10,0,304,2023,0,6834.198333333334,6897.6284375,22.7125,3.2937499999999993,0.0
2023-11-01,6650.973993055555,8305.23,4863.47,58.967465277777784,299.99,19.75,11.1,16.63125,0.90000004,22.89611,2,11,0,305,2023,0,6708.0571875,6650.712222222222,21.29375,0.0,1.3687499999999986
2023-11-02,6677.1659375,8335.36,4832.02,56.62309027777778,299.99,21.7,13.45,17.739584,0.2,19.08,3,11,0,306,2023,0,6650.973993055555,7190.300381944445,16.63125,0.0,0.2604159999999993
2023-11-03,6889.2555555555555,8028.75,5631.32,57.423229166666665,103.26,21.9,15.05,18.387499,2.1999998,17.309975,4,11,0,307,2023,0,6677.1659375,6951.195520833334,17.739584,0.38749899999999826,0.0
2023-11-04,6663.395798611111,7800.48,5908.86,54.749548611111116,299.99,20.45,15.35,17.577082,7.8,22.183128,5,11,1,308,2023,0,6889.2555555555555,6300.507256944445,18.387499,0.0,0.42291799999999924
2023-11-05,6687.528090277778,8015.95,5743.33,55.13690972222222,299.99,19.05,13.55,16.512499,27.999996,21.42227,6,11,1,309,2023,0,6663.395798611111,5870.749375,17.577082,0.0,1.4875010000000017
2023-11-06,6847.050868055555,8374.14,5838.76,64.948125,266.76,20.15,11.6,16.410416,0.0,14.799459,0,11,0,310,2023,0,6687.528090277778,6834.198333333334,16.512499,0.0,1.5895839999999986
2023-11-07,6615.328159722222,8447.4,4890.6,56.18208333333334,142.2,23.1,11.3,17.862501,0.0,25.233404,1,11,0,311,2023,0,6847.050868055555,6708.0571875,16.410416,0.0,0.13749899999999826
2023-11-08,6855.328125,8612.05,5384.46,125.45732638888889,724.99,24.55,13.75,19.491667,0.1,24.766848,2,11,0,312,2023,0,6615.328159722222,6650.973993055555,17.862501,1.4916669999999996,0.0
2023-11-09,7138.1659375,8422.01,5949.27,183.8795138888889,724.99,26.15,15.55,19.960417,6.4,24.482647,3,11,0,313,2023,0,6855.328125,6677.1659375,19.491667,1.9604169999999996,0.0
2023-11-10,6852.997638888889,8647.06,5356.34,90.34163194444444,299.99,23.9,15.4,19.55,0.0,25.683926,4,11,0,314,2023,0,7138.1659375,6889.2555555555555,19.960417,1.5500000000000007,0.0
2023-11-11,6748.6596875,9276.92,4730.27,115.27427083333333,14452.53,26.45,15.75,21.76042,0.0,30.811037,5,11,1,315,2023,0,6852.997638888889,6663.395798611111,19.55,3.76042,0.0
2023-11-12,6471.8040972222225,8779.96,4661.52,120.52503472222222,15433.42,23.45,18.25,21.01875,0.1,27.698952,6,11,1,316,2023,0,6748.6596875,6687.528090277778,21.76042,3.0187500000000007,0.0
2023-11-13,6835.733090277778,8475.85,5659.35,107.140625,533.55,21.3,16.8,19.074999,1.6000001,23.42491,0,11,0,317,2023,0,6471.8040972222225,6847.050868055555,21.01875,1.0749989999999983,0.0
2023-11-14,7004.342291666667,8778.36,5257.38,152.5965277777778,642.48,24.5,14.35,19.712503,0.0,20.037485,1,11,0,318,2023,0,6835.733090277778,6615.328159722222,19.074999,1.7125030000000017,0.0
2023-11-15,7210.901111111111,8775.94,6147.92,129.86621527777777,448.12,23.2,16.8,19.975,4.5,23.510508,2,11,0,319,2023,0,7004.342291666667,6855.328125,19.712503,1.9750000000000014,0.0
2023-11-16,7276.940034722222,8895.22,6021.06,174.78850694444446,8866.5,24.05,16.15,19.737501,7.3999996,21.38897,3,11,0,320,2023,0,7210.901111111111,7138.1659375,19.975,1.7375010000000017,0.0
2023-11-17,6690.513506944444,7969.58,5059.6,93.06722222222223,393.76,20.2,14.95,17.506248,5.399999,33.887836,4,11,0,321,2023,0,7276.940034722222,6852.997638888889,19.737501,0.0,0.49375200000000063
2023-11-18,6040.642465277778,7749.87,3964.09,61.89868055555556,299.99,22.5,12.45,17.956251,0.1,25.476198,5,11,1,322,2023,0,6690.513506944444,6748.6596875,17.506248,0.0,0.04374899999999826
2023-11-19,6083.048506944444,8566.36,3912.21,78.18833333333333,508.55,24.4,12.7,19.318748,0.0,28.820242,6,11,1,323,2023,0,6040.642465277778,6471.8040972222225,17.956251,1.3187479999999994,0.0
2023-11-20,7445.439618055555,8529.51,6009.33,117.58673611111112,299.99,25.05,18.05,21.072916,0.2,18.775303,0,11,0,324,2023,0,6083.048506944444,6835.733090277778,19.318748,3.0729159999999993,0.0
2023-11-21,7133.488576388889,8721.69,6147.08,108.65979166666666,724.99,23.15,18.55,20.34583,3.9999998,18.775303,1,11,0,325,2023,0,7445.439618055555,7004.342291666667,21.072916,2.3458299999999994,0.0
2023-11-22,7203.2915625,8601.11,6157.22,79.47892361111111,273.09,23.65,17.75,20.71667,0.0,26.554728,2,11,0,326,2023,0,7133.488576388889,7210.901111111111,20.34583,2.7166700000000006,0.0
2023-11-23,7220.113611111111,8488.83,6186.95,68.70027777777779,180.0,22.9,18.0,20.220835,4.4,26.82906,3,11,0,327,2023,0,7203.2915625,7276.940034722222,20.71667,2.220835000000001,0.0
2023-11-24,7463.5824999999995,8548.31,6150.2,87.48027777777777,219.71,23.45,17.9,20.437502,6.7999997,20.633371,4,11,0,328,2023,0,7220.113611111111,6690.513506944444,20.220835,2.4375019999999985,0.0
2023-11-25,7029.15,7865.45,6082.26,71.96131944444444,145.48,21.75,19.0,20.089584,11.400001,18.671474,5,11,1,329,2023,0,7463.5824999999995,6040.642465277778,20.437502,2.0895839999999986,0.0
2023-11-26,6518.728958333333,8597.15,4581.02,43.22201388888889,127.79,29.1,17.6,22.958334,0.1,18.709612,6,11,1,330,2023,0,7029.15,6083.048506944444,20.089584,4.958334000000001,0.0
2023-11-27,7279.9788194444445,8859.64,6094.5,58.15180555555556,236.29,24.0,18.1,21.147917,1.7000002,21.67487,0,11,0,331,2023,0,6518.728958333333,7445.439618055555,22.958334,3.1479169999999996,0.0
2023-11-28,7751.613125,8768.27,6355.89,68.01628472222222,160.96,21.75,17.85,20.025002,13.2,28.257132,1,11,0,332,2023,0,7279.9788194444445,7133.488576388889,21.147917,2.0250020000000006,0.0
2023-11-29,7471.186493055556,8729.97,6232.16,47.25121527777778,90.01,24.85,17.65,20.854166,26.0,26.729847,2,11,0,333,2023,0,7751.613125,7203.2915625,20.025002,2.8541659999999993,0.0
2023-11-30,7181.135208333333,8897.54,6008.89,33.12510416666667,120.01,27.05,16.25,20.895834,0.7,13.905509,3,11,0,334,2023,0,7471.186493055556,7220.113611111111,20.854166,2.8958340000000007,0.0
2023-12-01,7208.898784722222,8536.01,6040.12,65.64392361111112,320.0,25.35,16.4,20.224998,0.2,19.255793,4,12,0,335,2023,0,7181.135208333333,7463.5824999999995,20.895834,2.2249979999999994,0.0
2023-12-02,6867.358576388889,8227.34,5769.31,63.122638888888886,159.16,24.0,16.35,20.012505,16.0,18.03237,5,12,1,336,2023,0,7208.898784722222,7029.15,20.224998,2.012505000000001,0.0
2023-12-03,6199.4844791666665,8185.76,4066.98,32.665729166666665,137.45,23.85,14.75,19.304167,0.5,27.897097,6,12,1,337,2023,0,6867.358576388889,6518.728958333333,20.012505,1.3041669999999996,0.0
2023-12-04,6931.1506597222215,8764.41,5545.78,75.92708333333333,299.99,22.55,16.6,19.510418,1.4000001,18.214718,0,12,0,338,2023,0,6199.4844791666665,7279.9788194444445,19.304167,1.5104180000000014,0.0
2023-12-05,7682.046527777778,11272.14,5625.7,102.45576388888888,1007.73,28.4,14.85,22.372917,0.0,23.358423,1,12,0,339,2023,0,6931.1506597222215,7751.613125,19.510418,4.372917000000001,0.0
2023-12-06,7525.740347222223,9614.6,6178.19,73.54340277777777,263.26,23.8,17.5,21.877085,0.0,27.381308,2,12,0,340,2023,0,7682.046527777778,7471.186493055556,22.372917,3.877085000000001,0.0
2023-12-07,7808.66,9889.07,6358.24,102.20694444444445,299.99,26.15,16.05,21.045832,0.0,21.518847,3,12,0,341,2023,0,7525.740347222223,7181.135208333333,21.877085,3.0458320000000008,0.0
2023-12-08,8792.5515625,11735.49,6561.01,176.11815972222223,14248.59,33.45,18.15,24.706251,0.0,25.233404,4,12,0,342,2023,0,7808.66,7208.898784722222,21.045832,6.706251000000002,0.0
2023-12-09,9114.8975,12332.55,6838.5,71.64520833333333,337.27,39.25,21.85,28.824997,0.0,37.08699,5,12,1,343,2023,0,8792.5515625,6867.358576388889,24.706251,10.824997,0.0
2023-12-10,7520.781041666666,9790.02,6222.88,38.968402777777776,125.21,25.75,21.85,23.447916,2.8999996,25.562534,6,12,1,344,2023,0,9114.8975,6199.4844791666665,28.824997,5.447915999999999,0.0
2023-12-11,8320.36888888889,10919.23,6516.86,91.70972222222223,299.98,26.95,21.2,23.714579,0.5,19.469976,0,12,0,345,2023,0,7520.781041666666,6931.1506597222215,23.447916,5.7145790000000005,0.0
2023-12-12,8280.236597222223,10643.69,6731.75,90.2089236111111,270.56,27.1,20.55,23.539583,0.4,18.214718,1,12,0,346,2023,0,8320.36888888889,7682.046527777778,23.714579,5.539583,0.0
2023-12-13,8458.242847222222,11211.51,6677.6,84.63989583333334,253.21,27.05,19.2,23.658333,0.0,26.250393,2,12,0,347,2023,0,8280.236597222223,7525.740347222223,23.539583,5.658332999999999,0.0
2023-12-14,9294.775173611111,13053.11,6633.18,115.87145833333335,662.97,37.55,21.35,29.327082,0.0,30.978832,3,12,0,348,2023,0,8458.242847222222,7808.66,23.658333,11.327082,0.0
2023-12-15,8017.432222222222,9652.58,7002.97,84.51756944444445,150.24,25.55,20.1,22.758331,0.1,23.664352,4,12,0,349,2023,0,9294.775173611111,8792.5515625,29.327082,4.758330999999998,0.0
2023-12-16,7409.421423611111,10013.48,5769.42,61.900277777777774,299.99,33.75,18.3,25.4,0.0,21.96,5,12,1,350,2023,0,8017.432222222222,9114.8975,22.758331,7.399999999999999,0.0
2023-12-17,6950.330277777777,8871.09,5557.82,80.23861111111111,218.53,24.8,19.8,22.314589,0.4,23.770906,6,12,1,351,2023,0,7409.421423611111,7520.781041666666,25.4,4.314589000000002,0.0
2023-12-18,8368.447743055556,11086.61,6471.78,109.24656250000001,300.79,28.2,18.6,23.333336,0.8,21.41319,0,12,0,352,2023,0,6950.330277777777,8320.36888888889,22.314589,5.333335999999999,0.0
2023-12-19,9013.068020833332,11479.8,6919.61,74.87260416666668,299.99,31.45,21.05,25.916666,0.3,34.743263,1,12,0,353,2023,0,8368.447743055556,8280.236597222223,23.333336,7.916665999999999,0.0
2023-12-20,7719.097326388888,8391.87,6607.69,58.38982638888889,111.26,20.55,16.75,18.797916,43.800003,33.2781,2,12,0,354,2023,0,9013.068020833332,8458.242847222222,25.916666,0.7979160000000007,0.0
2023-12-21,6989.456527777777,8010.65,6031.35,52.07340277777777,299.98,21.35,16.85,19.16875,1.5000001,37.47114,3,12,0,355,2023,0,7719.097326388888,9294.775173611111,18.797916,1.1687499999999993,0.0
2023-12-22,6368.188993055555,7816.14,4906.68,33.28763888888889,137.68,22.25,15.5,19.304167,0.9,22.077717,4,12,0,356,2023,0,6989.456527777777,8017.432222222222,19.16875,1.3041669999999996,0.0
2023-12-23,6174.212638888889,7715.7,4548.69,40.09534722222222,137.68,22.65,15.6,19.485415,1.4000001,14.57889,5,12,1,357,2023,0,6368.188993055555,7409.421423611111,19.304167,1.4854149999999997,0.0
2023-12-24,6468.725069444445,7356.07,5481.76,46.740902777777784,190.0,23.5,18.0,19.831247,7.2999997,18.692286,6,12,1,358,2023,0,6174.212638888889,6950.330277777777,19.485415,1.8312470000000012,0.0
2023-12-25,5952.870312499999,7259.2,4637.7,9.67048611111111,218.0,24.9,16.95,21.339584,0.6,18.03237,0,12,0,359,2023,1,6468.725069444445,8368.447743055556,19.831247,3.3395839999999986,0.0
2023-12-26,6375.791736111111,8096.97,4947.03,38.952395833333334,162.81,26.85,17.85,22.037498,3.3999999,21.288757,1,12,0,360,2023,1,5952.870312499999,9013.068020833332,21.339584,4.037497999999999,0.0
2023-12-27,6617.0358680555555,8062.69,5564.02,57.131006944444444,299.99,24.55,17.65,21.164583,8.9,20.721119,2,12,0,361,2023,0,6375.791736111111,7719.097326388888,22.037498,3.1645830000000004,0.0
2023-12-28,6718.993506944444,8948.15,5009.69,50.41663194444445,1447.75,27.6,16.75,21.775002,0.2,18.709612,3,12,0,362,2023,0,6617.0358680555555,6989.456527777777,21.164583,3.7750020000000006,0.0
2023-12-29,7008.289583333333,8330.4,6083.63,74.76347222222222,1495.72,24.6,17.35,21.5375,20.5,15.2947035,4,12,0,363,2023,0,6718.993506944444,6368.188993055555,21.775002,3.5375000000000014,0.0
2023-12-30,6086.036076388888,7981.23,4329.34,30.594513888888887,120.52,24.05,17.2,20.889585,0.70000005,25.376808,5,12,1,364,2023,0,7008.289583333333,6174.212638888889,21.5375,2.8895850000000003,0.0
2023-12-31,6392.4899652777785,7194.52,5719.4,28.368645833333332,299.99,21.55,17.6,19.760412,5.2,19.296135,6,12,1,365,2023,0,6086.036076388888,6468.725069444445,20.889585,1.7604119999999988,0.0
2024-01-01,6473.0084027777775,7827.67,5570.22,43.15309027777778,137.69,23.55,19.2,21.666664,1.4000001,25.501621,0,1,0,1,2024,1,6392.4899652777785,5952.870312499999,19.760412,3.666664000000001,0.0
2024-01-02,7070.934722222222,8810.59,5932.18,53.51472222222222,125.93,25.8,19.0,23.164583,0.0,29.01743,1,1,0,2,2024,0,6473.0084027777775,6375.791736111111,21.666664,5.164583,0.0
2024-01-03,7426.584270833333,9168.28,6149.1,65.30156249999999,299.98,27.35,19.0,23.425003,0.0,23.34455,2,1,0,3,2024,0,7070.934722222222,6617.0358680555555,23.164583,5.425003,0.0
2024-01-04,7503.2259722222225,8710.82,6351.92,53.09770833333333,98.65,26.3,19.5,22.6,2.9000003,31.682047,3,1,0,4,2024,0,7426.584270833333,6718.993506944444,23.425003,4.600000000000001,0.0
2024-01-05,6799.4006944444445,7973.71,6050.33,39.15711805555556,108.91,23.1,18.6,21.064587,1.1,25.140787,4,1,0,5,2024,0,7503.2259722222225,7008.289583333333,22.6,3.0645869999999995,0.0
2024-01-06,6302.1925,7947.61,4837.19,39.064062500000006,97.6,24.45,16.35,21.039583,0.1,18.03237,5,1,1,6,2024,0,6799.4006944444445,6086.036076388888,21.064587,3.0395830000000004,0.0
2024-01-07,6525.521840277778,8799.53,4915.05,51.293194444444445,149.63,25.8,16.65,22.502085,0.0,28.775238,6,1,1,7,2024,0,6302.1925,6392.4899652777785,21.039583,4.502085000000001,0.0
2024-01-08,7667.195138888889,8824.95,6209.81,70.94684027777777,127.0,27.15,19.85,23.439583,3.2,18.692286,0,1,0,8,2024,0,6525.521840277778,6473.0084027777775,22.502085,5.439582999999999,0.0
2024-01-09,7510.958993055556,9075.59,6262.99,85.1789236111111,231.04,24.85,19.85,22.777082,0.4,23.110205,1,1,0,9,2024,0,7667.195138888889,7070.934722222222,23.439583,4.777082,0.0
2024-01-10,7988.4643750000005,10522.82,6444.49,98.98416666666667,300.09,27.4,18.2,23.258333,0.2,21.261345,2,1,0,10,2024,0,7510.958993055556,7426.584270833333,22.777082,5.258333,0.0
2024-01-11,8497.560520833335,11007.44,6557.51,77.788125,154.72,27.05,21.25,23.929163,3.5,17.873556,3,1,0,11,2024,0,7988.4643750000005,7503.2259722222225,23.258333,5.929162999999999,0.0
2024-01-12,8207.442291666666,10179.53,6793.23,80.16819444444444,191.64,27.35,21.3,23.925001,1.6000001,22.9724,4,1,0,12,2024,0,8497.560520833335,6799.4006944444445,23.929163,5.925001000000002,0.0
2024-01-13,7689.951215277779,10244.35,6211.03,60.38635416666667,137.69,28.95,17.55,23.835419,1.1,21.933426,5,1,1,13,2024,0,8207.442291666666,6302.1925,23.925001,5.835419000000002,0.0
2024-01-14,7038.292395833333,8593.1,6195.15,33.46743055555556,137.97,25.45,20.85,22.583334,10.9,23.708124,6,1,1,14,2024,0,7689.951215277779,6525.521840277778,23.835419,4.583334000000001,0.0
2024-01-15,7420.876979166666,8300.19,6139.45,58.981562499999995,140.1,21.75,19.4,20.508333,60.299995,29.407835,0,1,0,15,2024,0,7038.292395833333,7667.195138888889,22.583334,2.5083330000000004,0.0
2024-01-16,7476.441805555556,8670.6,6103.04,81.03850694444445,299.99,23.4,19.8,21.875,2.3,21.485697,1,1,0,16,2024,0,7420.876979166666,7510.958993055556,20.508333,3.875,0.0
2024-01-17,7914.459027777779,9683.55,6301.62,90.88875,253.17,28.5,21.55,23.781248,15.900001,19.826164,2,1,0,17,2024,0,7476.441805555556,7988.4643750000005,21.875,5.7812480000000015,0.0
2024-01-18,7923.334027777779,10344.43,6337.56,42.365,2871.86,28.0,19.85,23.429167,1.3000001,15.941944,3,1,0,18,2024,0,7914.459027777779,8497.560520833335,23.781248,5.429167,0.0
2024-01-19,7012.123159722222,9110.45,5423.36,71.0779861111111,2343.05,26.25,17.75,21.931252,0.1,20.163212,4,1,0,19,2024,0,7923.334027777779,8207.442291666666,23.429167,3.9312520000000006,0.0
2024-01-20,7166.0796875,9092.62,6185.28,61.0846875,140.03,25.35,20.2,22.960417,0.1,24.703974,5,1,1,20,2024,0,7012.123159722222,7689.951215277779,21.931252,4.960417,0.0
2024-01-21,8172.629409722223,12494.58,5863.66,423.62819444444443,9569.76,32.75,18.8,25.920832,0.0,37.079998,6,1,1,21,2024,0,7166.0796875,7038.292395833333,22.960417,7.920832000000001,0.0
2024-01-22,7644.218402777778,9017.32,6658.5,52.36857638888889,950.01,22.75,20.1,21.425001,0.70000005,35.32589,0,1,0,22,2024,0,8172.629409722223,7420.876979166666,25.920832,3.4250010000000017,0.0
2024-01-23,7501.007604166666,9036.84,6275.56,65.92614583333334,299.98,24.2,19.45,21.802084,0.8000001,17.026896,1,1,0,23,2024,0,7644.218402777778,7476.441805555556,21.425001,3.8020840000000007,0.0
2024-01-24,8104.429999999999,10629.81,6338.2,79.86625,633.08,29.1,18.05,23.983335,0.0,20.808498,2,1,0,24,2024,0,7501.007604166666,7914.459027777779,21.802084,5.983335,0.0
2024-01-25,9213.488645833333,11228.75,6760.79,89.01934027777777,299.99,32.4,23.0,26.741667,0.0,19.721298,3,1,0,25,2024,0,8104.429999999999,7923.334027777779,23.983335,8.741667,0.0
2024-01-26,8356.983159722222,10024.26,6843.63,91.45409722222222,3137.21,36.6,21.85,27.339584,1.4,30.5173,4,1,0,26,2024,1,9213.488645833333,7012.123159722222,26.741667,9.339583999999999,0.0
2024-01-27,7217.903125000001,8325.55,6474.28,48.601979166666666,1025.39,23.55,20.35,21.989586,1.7000002,21.650938,5,1,1,27,2024,0,8356.983159722222,7166.0796875,27.339584,3.989585999999999,0.0
2024-01-28,6860.531597222222,8936.74,5438.13,58.21173611111111,1330.87,25.2,17.5,21.945833,0.7,19.272614,6,1,1,28,2024,0,7217.903125000001,8172.629409722223,21.989586,3.9458330000000004,0.0
2024-01-29,8556.238368055556,12058.72,6389.64,188.98541666666668,11781.97,28.05,20.3,24.366663,0.1,25.305208,0,1,0,29,2024,0,6860.531597222222,7644.218402777778,21.945833,6.366662999999999,0.0
2024-01-30,8607.084652777778,10467.17,6921.65,78.72059027777777,299.99,25.75,21.85,23.910416,3.8,26.341572,1,1,0,30,2024,0,8556.238368055556,7501.007604166666,24.366663,5.9104160000000014,0.0
2024-01-31,8247.173437500001,9771.14,6700.9,82.60920138888889,299.99,25.45,20.4,22.964586,2.3,24.315327,2,1,0,31,2024,0,8607.084652777778,8104.429999999999,23.910416,4.964586000000001,0.0
2024-02-01,8095.711875,11304.63,6463.55,93.37979166666668,449.99,26.5,20.6,23.122917,0.5,23.838959,3,2,0,32,2024,0,8247.173437500001,9213.488645833333,22.964586,5.122917000000001,0.0
2024-02-02,8195.456354166667,10795.28,6675.12,120.45194444444445,3245.01,27.6,20.35,23.427086,0.1,22.702845,4,2,0,33,2024,0,8095.711875,8356.983159722222,23.122917,5.427085999999999,0.0
2024-02-03,7414.072881944445,9654.97,6246.13,87.96909722222222,282.3,26.7,20.85,23.229166,0.1,26.649727,5,2,1,34,2024,0,8195.456354166667,7217.903125000001,23.427086,5.229165999999999,0.0
2024-02-04,8436.299965277778,12294.95,6039.91,105.8978125,357.23,30.6,19.9,25.65,0.0,30.817343,6,2,1,35,2024,0,7414.072881944445,6860.531597222222,23.229166,7.649999999999999,0.0
2024-02-05,9892.174340277777,12245.43,7220.66,198.89083333333335,5559.1,33.75,23.95,26.924997,0.8,20.929594,0,2,0,36,2024,0,8436.299965277778,8556.238368055556,25.65,8.924997000000001,0.0
2024-02-06,8187.461562500001,9094.9,6959.2,68.600625,257.98,24.25,20.0,22.206251,5.3,34.98674,1,2,0,37,2024,0,9892.174340277777,8607.084652777778,26.924997,4.206251000000002,0.0
2024-02-07,7123.061631944444,8519.41,6146.9,58.06368055555556,110.73,22.4,19.0,20.3875,2.2,32.44996,2,2,0,38,2024,0,8187.461562500001,8247.173437500001,22.206251,2.3874999999999993,0.0
2024-02-08,7112.0301736111105,8407.36,6080.9,68.25211805555556,299.98,23.15,17.95,20.985415,0.1,23.86341,3,2,0,39,2024,0,7123.061631944444,8095.711875,20.3875,2.9854149999999997,0.0
2024-02-09,7034.351979166667,8399.97,5938.81,59.35170138888889,135.98,23.55,16.8,20.677082,3.1000001,27.698952,4,2,0,40,2024,0,7112.0301736111105,8195.456354166667,20.985415,2.6770819999999986,0.0
2024-02-10,6609.483159722222,7964.87,5121.08,38.97819444444444,135.97,23.65,20.1,21.810415,2.4,29.44307,5,2,1,41,2024,0,7034.351979166667,7414.072881944445,20.677082,3.810414999999999,0.0
2024-02-11,6588.532395833334,8406.92,5436.86,45.07805555555555,299.98,24.2,18.15,21.241667,0.4,15.986593,6,2,1,42,2024,0,6609.483159722222,8436.299965277778,21.810415,3.2416669999999996,0.0
2024-02-12,7870.2913194444445,10980.22,6228.49,97.17024305555555,341.96,26.75,15.8,22.089582,0.0,24.063513,0,2,0,43,2024,0,6588.532395833334,9892.174340277777,21.241667,4.089582,0.0
2024-02-13,8389.904618055554,10966.85,6681.63,81.27586805555556,724.99,30.15,20.2,24.629171,0.0,27.757376,1,2,0,44,2024,0,7870.2913194444445,8187.461562500001,22.089582,6.6291709999999995,0.0
2024-02-14,7984.847638888889,9495.5,6578.03,83.81409722222222,299.99,28.4,19.6,23.231249,2.3,32.569557,2,2,0,45,2024,0,8389.904618055554,7123.061631944444,24.629171,5.231248999999998,0.0
2024-02-15,7540.754687500001,8599.06,6308.19,64.42340277777777,274.54,22.25,20.05,21.045832,3.6000001,17.309975,3,2,0,46,2024,0,7984.847638888889,7112.0301736111105,23.231249,3.0458320000000008,0.0
2024-02-16,7977.720625,9588.28,6402.91,71.81555555555556,135.97,26.4,20.2,22.935417,21.0,21.068459,4,2,0,47,2024,0,7540.754687500001,7034.351979166667,21.045832,4.935417000000001,0.0
2024-02-17,7863.509999999999,10045.98,6504.52,65.04409722222222,299.98,28.45,20.7,24.445833,0.2,14.917212,5,2,1,48,2024,0,7977.720625,6609.483159722222,22.935417,6.445833,0.0
2024-02-18,7670.6312847222225,9884.93,6021.31,64.56020833333334,299.99,27.75,20.3,23.891668,0.0,12.371645,6,2,1,49,2024,0,7863.509999999999,6588.532395833334,24.445833,5.891667999999999,0.0
2024-02-19,7968.832534722223,8863.0,6408.33,73.08281249999999,299.98,23.2,19.9,21.706251,7.7999997,21.2522,0,2,0,50,2024,0,7670.6312847222225,7870.2913194444445,23.891668,3.7062510000000017,0.0
2024-02-20,7564.458368055555,8933.97,6275.39,69.44892361111111,1388.42,22.3,19.05,20.454166,16.0,17.313717,1,2,0,51,2024,0,7968.832534722223,8389.904618055554,21.706251,2.4541660000000007,0.0
2024-02-21,7679.277430555555,9464.57,6268.11,78.70114583333333,346.44,24.45,19.7,21.854166,5.299999,17.935081,2,2,0,52,2024,0,7564.458368055555,7984.847638888889,20.454166,3.8541659999999993,0.0
2024-02-22,8347.347465277777,11834.09,6483.32,107.86149305555556,542.86,28.0,19.05,23.189583,0.3,19.130875,3,2,0,53,2024,0,7679.277430555555,7540.754687500001,21.854166,5.189582999999999,0.0
2024-02-23,9112.407569444444,12422.83,6828.12,211.2075,4085.83,34.6,19.5,26.185417,4.5,25.223133,4,2,0,54,2024,0,8347.347465277777,7977.720625,23.189583,8.185417000000001,0.0
2024-02-24,7377.555173611112,8173.51,6604.04,59.89114583333334,146.96,21.65,17.9,20.958334,1.1,27.231804,5,2,1,55,2024,0,9112.407569444444,7863.509999999999,26.185417,2.9583340000000007,0.0
2024-02-25,6678.923090277778,9326.81,4871.1,56.45836805555555,144.6,25.45,16.8,20.981253,0.0,19.969458,6,2,1,56,2024,0,7377.555173611112,7670.6312847222225,20.958334,2.981252999999999,0.0
2024-02-26,7737.504791666666,9746.46,6235.86,100.41190972222222,3354.07,26.85,16.8,21.44375,0.5,31.193535,0,2,0,57,2024,0,6678.923090277778,7968.832534722223,20.981253,3.4437500000000014,0.0
2024-02-27,8009.601319444445,9201.82,6506.78,86.341875,299.99,23.05,18.65,21.689583,4.4,17.227419,1,2,0,58,2024,0,7737.504791666666,7564.458368055555,21.44375,3.689582999999999,0.0
2024-02-28,8455.278784722223,11134.51,6499.8,88.06888888888889,380.46,27.15,18.75,23.518747,0.2,25.20257,2,2,0,59,2024,0,8009.601319444445,7679.277430555555,21.689583,5.518747000000001,0.0
2024-02-29,9829.110347222222,13763.96,6931.2,833.6448263888889,16600.0,34.9,21.45,27.206251,0.1,27.059933,3,2,0,60,2024,0,8455.278784722223,8347.347465277777,23.518747,9.206251000000002,0.0
2024-03-01,8816.610937500001,11228.86,7041.9,92.62819444444445,283.96,26.8,21.45,24.358332,0.0,19.559633,4,3,0,61,2024,0,9829.110347222222,9112.407569444444,27.206251,6.358332000000001,0.0
2024-03-02,7736.035243055555,8590.4,6803.69,75.48836805555555,274.54,24.45,20.9,22.71875,4.1,32.431984,5,3,1,62,2024,0,8816.610937500001,7377.555173611112,24.358332,4.71875,0.0
2024-03-03,7065.1490625,9901.72,5157.98,62.03711805555555,153.77,29.75,18.05,23.47083,0.2,32.85678,6,3,1,63,2024,0,7736.035243055555,6678.923090277778,22.71875,5.470829999999999,0.0
2024-03-04,7154.720034722222,8424.16,6163.8,61.99711805555556,148.75,22.4,15.65,20.441666,0.2,30.855171,0,3,0,64,2024,0,7065.1490625,7737.504791666666,23.47083,2.4416660000000014,0.0
2024-03-05,7063.849826388889,9198.74,5536.15,70.16243055555555,268.35,24.35,13.65,19.662502,0.0,20.304129,1,3,0,65,2024,0,7154.720034722222,8009.601319444445,20.441666,1.662502,0.0
2024-03-06,7659.608923611111,10237.19,6159.91,91.26093750000001,263.72,28.25,16.05,22.487501,0.0,22.218153,2,3,0,66,2024,0,7063.849826388889,8455.278784722223,19.662502,4.487501000000002,0.0
2024-03-07,7898.229791666668,9861.56,6486.17,67.94055555555556,155.46,26.85,17.85,22.762499,1.4000001,24.18707,3,3,0,67,2024,0,7659.608923611111,9829.110347222222,22.487501,4.762498999999998,0.0
2024-03-08,8055.544791666666,10188.6,6525.59,103.84472222222222,299.99,27.15,18.85,23.029167,0.70000005,19.228851,4,3,0,68,2024,0,7898.229791666668,8816.610937500001,22.762499,5.029167000000001,0.0
2024-03-09,7378.832222222223,9579.22,5973.07,75.70184027777778,299.99,27.85,16.8,22.9375,0.0,19.694992,5,3,1,69,2024,0,8055.544791666666,7736.035243055555,23.029167,4.9375,0.0
2024-03-10,7172.448472222222,9851.03,5585.41,71.65347222222222,299.99,27.8,18.4,23.222914,0.1,21.385939,6,3,1,70,2024,0,7378.832222222223,7065.1490625,22.9375,5.222913999999999,0.0
2024-03-11,7856.622916666666,10145.62,6419.91,93.96753472222223,299.99,27.6,17.45,23.0375,0.0,19.376562,0,3,0,71,2024,0,7172.448472222222,7154.720034722222,23.222914,5.037500000000001,0.0
2024-03-12,8027.207638888888,11384.16,6248.68,89.87614583333333,299.99,30.6,17.45,23.489584,0.0,16.981165,1,3,0,72,2024,0,7856.622916666666,7063.849826388889,23.0375,5.489584000000001,0.0
2024-03-13,8008.412118055556,10103.9,6516.16,95.78256944444445,299.99,27.2,18.55,23.129166,0.0,17.414474,2,3,0,73,2024,0,8027.207638888888,7659.608923611111,23.489584,5.1291660000000014,0.0
2024-03-14,8071.920555555556,10289.88,6482.96,73.92378472222222,290.91,30.95,19.05,23.418749,1.0,30.811037,3,3,0,74,2024,0,8008.412118055556,7898.229791666668,23.129166,5.418748999999998,0.0
2024-03-15,7258.141493055556,8363.21,6307.74,64.94149305555555,299.98,23.1,18.4,20.891666,2.8999999,25.582806,4,3,0,75,2024,0,8071.920555555556,8055.544791666666,23.418749,2.8916660000000007,0.0
2024-03-16,6679.405451388889,8055.42,5479.6,60.79381944444444,299.98,23.0,16.95,20.1625,4.1000004,14.830076,5,3,1,76,2024,0,7258.141493055556,7378.832222222223,20.891666,2.1625000000000014,0.0
2024-03-17,6797.297534722222,8291.59,5976.79,58.63746527777778,299.98,22.05,18.0,19.65,19.4,15.328561,6,3,1,77,2024,0,6679.405451388889,7172.448472222222,20.1625,1.6499999999999986,0.0
2024-03-18,7327.526944444444,8894.24,6001.91,71.24128472222223,152.58,23.7,18.35,20.668749,3.1,15.696165,0,3,0,78,2024,0,6797.297534722222,7856.622916666666,19.65,2.6687489999999983,0.0
2024-03-19,7544.263541666666,9965.97,6041.8,63.65892361111111,146.93,26.3,18.2,21.9375,1.6000001,21.892027,1,3,0,79,2024,0,7327.526944444444,8027.207638888888,20.668749,3.9375,0.0
2024-03-20,7618.037708333333,8715.1,6273.07,62.89427083333333,157.24,24.8,18.65,21.124998,11.7,37.038033,2,3,0,80,2024,0,7544.263541666666,8008.412118055556,21.9375,3.1249980000000015,0.0
2024-03-21,6729.772222222222,8328.23,5343.05,44.65027777777778,135.97,20.45,16.6,18.645836,0.4,32.846916,3,3,0,81,2024,0,7618.037708333333,8071.920555555556,21.124998,0.6458359999999992,0.0
2024-03-22,6952.831284722222,8319.11,5869.58,57.94444444444444,139.0,21.9,13.25,17.71875,0.5,11.966954,4,3,0,82,2024,0,6729.772222222222,7258.141493055556,18.645836,0.0,0.28125
2024-03-23,6573.315173611111,7994.82,5004.32,65.6854513888889,257.41,22.85,13.05,18.402084,1.2,13.044722,5,3,1,83,2024,0,6952.831284722222,6679.405451388889,17.71875,0.40208399999999855,0.0
2024-03-24,6483.176006944444,8388.9,4877.67,59.23743055555556,176.01,24.35,17.3,20.233334,2.0,18.0,6,3,1,84,2024,0,6573.315173611111,6797.297534722222,18.402084,2.2333339999999993,0.0
2024-03-25,7013.996458333333,9283.09,5327.5,65.17295138888889,276.07,27.2,15.2,20.129166,0.0,17.418196,0,3,0,85,2024,0,6483.176006944444,7327.526944444444,20.233334,2.1291660000000014,0.0
2024-03-26,7279.943854166667,9443.04,5667.3,95.5953125,299.99,24.85,14.75,20.154167,0.0,13.70839,1,3,0,86,2024,0,7013.996458333333,7544.263541666666,20.129166,2.154167000000001,0.0
2024-03-27,7291.78295138889,8982.39,6078.06,71.13875,258.78,23.85,17.9,20.80625,1.7,17.373497,2,3,0,87,2024,0,7279.943854166667,7618.037708333333,20.154167,2.8062499999999986,0.0
2024-03-28,7305.319131944445,8570.6,6184.93,61.64177083333334,135.97,23.05,16.45,20.125,2.4999998,17.49615,3,3,0,88,2024,0,7291.78295138889,6729.772222222222,20.80625,2.125,0.0
2024-03-29,6453.816354166667,8137.08,4795.67,53.475590277777776,138.81,23.75,15.65,20.272917,0.1,14.458382,4,3,0,89,2024,0,7305.319131944445,6952.831284722222,20.125,2.2729169999999996,0.0
2024-03-30,6367.861909722222,8434.75,4377.09,50.7678125,150.42,26.1,13.05,19.3,0.0,16.73516,5,3,1,90,2024,0,6453.816354166667,6573.315173611111,20.272917,1.3000000000000007,0.0
2024-03-31,6252.410381944444,8175.39,4484.93,50.79440972222223,154.68,25.6,15.55,19.831251,0.0,16.454008,6,3,1,91,2024,0,6367.861909722222,6483.176006944444,19.3,1.8312510000000017,0.0
2024-04-01,6564.875868055556,9012.59,4768.36,53.91673611111111,151.28,27.25,15.35,21.191666,0.0,24.464113,0,4,0,92,2024,0,6252.410381944444,7013.996458333333,19.831251,3.1916660000000014,0.0
2024-04-02,7303.4815625,8761.48,5952.34,52.362743055555555,130.58,25.35,17.4,20.820833,15.500001,20.188908,1,4,0,93,2024,0,6564.875868055556,7279.943854166667,21.191666,2.8208330000000004,0.0
2024-04-03,6907.043784722223,8612.02,5563.33,101.28805555555556,299.99,22.5,15.25,18.918753,0.1,17.10284,2,4,0,94,2024,0,7303.4815625,7291.78295138889,20.820833,0.9187529999999988,0.0
2024-04-04,7601.567465277778,8779.25,6060.86,71.52739583333333,227.26,20.05,18.25,19.181252,12.700001,18.678415,3,4,0,95,2024,0,6907.043784722223,7305.319131944445,18.918753,1.1812520000000006,0.0
2024-04-05,7717.8244791666675,8850.38,6048.15,79.89888888888889,344.54,20.15,18.05,19.177084,60.7,37.894165,4,4,0,96,2024,0,7601.567465277778,6453.816354166667,19.181252,1.1770840000000007,0.0
2024-04-06,6602.8628125,8477.41,5014.01,83.58305555555555,166.52,26.35,18.4,21.59167,26.300001,39.47708,5,4,1,97,2024,0,7717.8244791666675,6367.861909722222,19.177084,3.5916700000000006,0.0
2024-04-07,6439.107569444444,8507.36,4650.21,74.5403125,166.98,25.15,14.15,19.577084,0.5,10.630672,6,4,1,98,2024,0,6602.8628125,6252.410381944444,21.59167,1.5770839999999993,0.0
2024-04-08,7017.63875,9122.24,5879.99,90.58302083333334,299.99,21.65,16.3,18.679169,0.8000001,13.004921,0,4,0,99,2024,0,6439.107569444444,6564.875868055556,19.577084,0.6791690000000017,0.0
2024-04-09,7294.854479166666,9356.3,6019.8,68.44993055555557,299.99,20.7,12.75,15.60625,17.1,31.749468,1,4,0,100,2024,0,7017.63875,7303.4815625,18.679169,0.0,2.3937500000000007
2024-04-10,6913.623090277778,8941.55,5128.14,63.7092361111111,187.46,20.15,12.8,16.135416,0.0,30.248568,2,4,0,101,2024,0,7294.854479166666,6907.043784722223,15.60625,0.0,1.8645840000000007
2024-04-11,6845.904375,8986.35,4880.11,79.47802083333333,300.17,20.5,11.45,15.854168,0.0,22.805367,3,4,0,102,2024,0,6913.623090277778,7601.567465277778,16.135416,0.0,2.1458320000000004
2024-04-12,6770.322326388889,8646.58,4866.2,75.91215277777778,299.11,21.95,12.15,16.445833,0.0,15.517629,4,4,0,103,2024,0,6845.904375,7717.8244791666675,15.854168,0.0,1.5541669999999996
2024-04-13,6447.845590277778,8272.86,4516.43,93.40625,299.99,21.7,11.85,16.889582,1.3000001,11.480557,5,4,1,104,2024,0,6770.322326388889,6602.8628125,16.445833,0.0,1.1104179999999992
2024-04-14,6328.897743055556,8537.98,4234.22,98.61538194444444,299.99,23.35,14.1,18.4,0.0,14.021525,6,4,1,105,2024,0,6447.845590277778,6439.107569444444,16.889582,0.3999999999999986,0.0
2024-04-15,6907.5069791666665,9115.44,5143.81,140.23965277777776,314.98,22.9,13.85,17.827085,0.0,11.808878,0,4,0,106,2024,0,6328.897743055556,7017.63875,18.4,0.0,0.1729149999999997
2024-04-16,7080.052986111111,9133.14,5576.96,143.6215625,313.38,21.7,14.0,17.585417,0.4,13.044722,1,4,0,107,2024,0,6907.5069791666665,7294.854479166666,17.827085,0.0,0.41458300000000037
2024-04-17,7195.980069444445,9055.11,6195.05,120.16336805555557,291.27,21.15,14.65,17.787498,1.3000001,16.981165,2,4,0,108,2024,0,7080.052986111111,6913.623090277778,17.585417,0.0,0.21250200000000063
2024-04-18,7142.1625,9079.11,5547.05,106.69319444444444,299.98,21.95,13.9,16.554167,1.8000001,13.661038,3,4,0,109,2024,0,7195.980069444445,6845.904375,17.787498,0.0,1.4458330000000004
2024-04-19,7057.460729166666,8805.42,5188.99,86.02031249999999,243.72,19.5,11.5,15.645833,0.4,19.469975,4,4,0,110,2024,0,7142.1625,6770.322326388889,16.554167,0.0,2.3541670000000003
2024-04-20,6951.253888888889,8528.04,6056.28,83.34697916666667,281.81,18.35,15.1,16.660416,14.9,32.219494,5,4,1,111,2024,0,7057.460729166666,6447.845590277778,15.645833,0.0,1.3395839999999986
2024-04-21,6539.972291666667,8491.48,4928.17,82.93142361111111,299.99,19.6,13.6,16.841665,1.4000001,21.288757,6,4,1,112,2024,0,6951.253888888889,6328.897743055556,16.660416,0.0,1.158335000000001
2024-04-22,7038.419583333333,9101.29,5552.8,95.42440972222222,299.99,21.2,12.85,16.497915,0.0,11.367109,0,4,0,113,2024,0,6539.972291666667,6907.5069791666665,16.841665,0.0,1.502085000000001
2024-04-23,6971.8778125,9152.02,5118.2,71.19118055555556,299.99,22.85,12.65,17.835417,0.0,19.33639,1,4,0,114,2024,0,7038.419583333333,7080.052986111111,16.497915,0.0,0.16458300000000037
2024-04-24,7116.428715277778,9007.62,5948.94,72.94218749999999,299.99,24.9,14.6,18.985418,0.1,28.483257,2,4,0,115,2024,0,6971.8778125,7195.980069444445,17.835417,0.9854179999999992,0.0
2024-04-25,6465.597534722223,8533.86,4358.14,75.1565625,214.1,19.7,11.85,15.668748,0.1,15.349684,3,4,0,116,2024,1,7116.428715277778,7142.1625,18.985418,0.0,2.331251999999999
2024-04-26,6859.831840277778,8934.25,4955.16,111.80420138888888,299.99,18.95,11.45,14.699998,0.0,20.633371,4,4,0,117,2024,0,6465.597534722223,7057.460729166666,15.668748,0.0,3.300001999999999
2024-04-27,6639.989756944445,8466.05,4918.33,90.6029513888889,299.98,20.1,10.85,15.154167,0.1,11.165805,5,4,1,118,2024,0,6859.831840277778,6951.253888888889,14.699998,0.0,2.8458330000000007
2024-04-28,6512.408368055556,8675.81,4465.75,83.96625,299.99,22.45,11.4,16.77083,0.0,17.654686,6,4,1,119,2024,0,6639.989756944445,6539.972291666667,15.154167,0.0,1.2291699999999999
2024-04-29,7174.7164930555555,9394.93,5532.72,117.4459375,457.45,25.5,11.45,17.810415,0.0,10.086427,0,4,0,120,2024,0,6512.408368055556,7038.419583333333,16.77083,0.0,0.189585000000001
2024-04-30,7715.735243055556,9620.05,6190.01,126.16836805555555,339.46,17.9,16.05,16.870832,4.8999996,29.215502,1,4,0,121,2024,0,7174.7164930555555,6971.8778125,17.810415,0.0,1.129168
2024-05-01,7634.554652777779,9709.74,6315.87,94.06364583333334,373.04,17.65,13.35,15.308333,11.299999,27.021591,2,5,0,122,2024,0,7715.735243055556,7116.428715277778,16.870832,0.0,2.6916670000000007
2024-05-02,7634.207847222222,9607.2,6447.33,207.96864583333334,15357.49,18.35,13.2,15.387501,5.599999,19.083395,3,5,0,123,2024,0,7634.554652777779,6465.597534722223,15.308333,0.0,2.6124989999999997
2024-05-03,7801.372881944445,9499.55,6436.83,230.67461805555553,14450.0,16.8,12.85,14.568751,14.8,16.171976,4,5,0,124,2024,0,7634.207847222222,6859.831840277778,15.387501,0.0,3.4312489999999993
2024-05-04,7398.333645833332,9122.35,6330.6,113.08423611111111,285.7,17.9,13.2,15.320832,5.9,12.24,5,5,1,125,2024,0,7801.372881944445,6639.989756944445,14.568751,0.0,2.6791680000000007
2024-05-05,7378.122430555555,9476.47,6052.3,113.70538194444445,425.3,17.05,13.6,15.158334,29.599998,27.41678,6,5,1,126,2024,0,7398.333645833332,6512.408368055556,15.320832,0.0,2.841666
2024-05-06,7598.143298611111,9826.63,6202.47,92.46364583333333,280.29,20.05,15.85,17.512503,23.300001,32.17522,0,5,0,127,2024,0,7378.122430555555,7174.7164930555555,15.158334,0.0,0.4874970000000012
2024-05-07,7679.487361111111,9572.23,6374.31,885.47375,16599.89,18.65,14.05,16.206247,2.2,16.904673,1,5,0,128,2024,0,7598.143298611111,7715.735243055556,17.512503,0.0,1.7937529999999988
2024-05-08,7673.663715277778,9459.95,6408.32,3554.0297916666664,16600.0,18.65,12.95,15.810417,7.0000005,13.207634,2,5,0,129,2024,0,7679.487361111111,7634.554652777779,16.206247,0.0,2.1895830000000007
2024-05-09,7656.142465277777,9562.47,6418.89,248.8538888888889,600.0,18.85,13.5,15.629167,4.5999994,13.450708,3,5,0,130,2024,0,7673.663715277778,7634.207847222222,15.810417,0.0,2.3708329999999993
2024-05-10,7748.934027777777,9443.98,6435.11,195.47520833333334,334.04,19.85,13.8,16.322918,3.1,14.113653,4,5,0,131,2024,0,7656.142465277777,7801.372881944445,15.629167,0.0,1.6770819999999986
2024-05-11,7759.023576388889,9266.91,6268.18,127.16375000000001,299.98,16.95,15.0,15.889583,29.7,18.709612,5,5,1,132,2024,0,7748.934027777777,7398.333645833332,16.322918,0.0,2.110417
2024-05-12,7193.199131944445,9018.39,6082.75,111.58434027777778,313.36,19.2,14.6,15.941666,10.500002,19.13426,6,5,1,133,2024,0,7759.023576388889,7378.122430555555,15.889583,0.0,2.0583340000000003
2024-05-13,7541.989131944445,9623.18,6236.64,121.77371527777778,299.99,19.6,13.65,16.908335,4.0,29.775719,0,5,0,134,2024,0,7193.199131944445,7598.143298611111,15.941666,0.0,1.091664999999999
2024-05-14,7433.887951388889,9670.6,5433.4,140.26041666666666,299.99,21.15,11.5,15.614586,0.2,14.404499,1,5,0,135,2024,0,7541.989131944445,7679.487361111111,16.908335,0.0,2.385414000000001
2024-05-15,7443.393506944445,9437.45,5750.06,138.38881944444447,299.99,21.15,12.35,15.743749,0.2,11.27553,2,5,0,136,2024,0,7433.887951388889,7673.663715277778,15.614586,0.0,2.2562510000000007
2024-05-16,7704.095937499999,9712.13,6348.18,146.52513888888888,299.99,19.95,10.6,15.093751,0.4,11.298495,3,5,0,137,2024,0,7443.393506944445,7656.142465277777,15.743749,0.0,2.9062490000000007
2024-05-17,7501.762291666667,9229.95,5749.98,107.66302083333333,264.42,21.25,11.8,15.483333,0.0,17.917007,4,5,0,138,2024,0,7704.095937499999,7748.934027777777,15.093751,0.0,2.516667
2024-05-18,7677.386631944445,10059.35,6250.29,93.81940972222223,323.15,15.0,11.15,13.160417,3.9000003,38.0733,5,5,1,139,2024,0,7501.762291666667,7759.023576388889,15.483333,0.0,4.839582999999999
2024-05-19,7421.652847222223,10004.97,5137.18,79.52309027777778,261.46,16.85,9.35,12.118751,0.0,18.161278,6,5,1,140,2024,0,7677.386631944445,7193.199131944445,13.160417,0.0,5.881249
2024-05-20,8329.306423611111,10643.29,6743.49,284.9945138888889,14100.0,17.6,8.1,12.847916,0.5,25.171696,0,5,0,141,2024,0,7421.652847222223,7541.989131944445,12.118751,0.0,5.152084
2024-05-21,8070.992604166667,10280.13,6208.73,145.8548263888889,483.25,17.65,10.75,14.691667,1.0,23.933907,1,5,0,142,2024,0,8329.306423611111,7433.887951388889,12.847916,0.0,3.3083329999999993
2024-05-22,8026.183472222222,10349.16,5893.54,182.27128472222222,449.99,17.85,8.1,12.477082,0.0,12.758432,2,5,0,143,2024,0,8070.992604166667,7443.393506944445,14.691667,0.0,5.522918000000001
2024-05-23,8144.152395833334,10343.39,5968.6,189.1996875,479.58,18.25,6.9,11.858334,0.0,12.522619,3,5,0,144,2024,0,8026.183472222222,7704.095937499999,12.477082,0.0,6.141666000000001
2024-05-24,8150.138194444444,10185.9,6220.23,154.0274652777778,299.99,18.45,7.05,12.289584,0.0,11.525623,4,5,0,145,2024,0,8144.152395833334,7501.762291666667,11.858334,0.0,5.710416
2024-05-25,7879.884270833333,9716.89,6583.41,121.23649305555556,299.99,18.05,9.4,13.368751,0.0,11.503113,5,5,1,146,2024,0,8150.138194444444,7677.386631944445,12.289584,0.0,4.631249
2024-05-26,7413.451111111111,9756.51,5194.6,101.56986111111111,299.99,19.55,8.7,12.968751,0.0,12.313893,6,5,1,147,2024,0,7879.884270833333,7421.652847222223,13.368751,0.0,5.031249000000001
2024-05-27,8092.522569444444,10555.54,6063.76,115.46024305555557,299.99,18.9,7.8,12.154167,0.0,13.441071,0,5,0,148,2024,0,7413.451111111111,8329.306423611111,12.968751,0.0,5.845833000000001
2024-05-28,8187.138854166666,10411.52,6067.78,135.26770833333333,449.99,19.3,6.7,11.802083,0.0,12.413476,1,5,0,149,2024,0,8092.522569444444,8070.992604166667,12.154167,0.0,6.197917
2024-05-29,8007.776527777778,10114.85,5865.89,77.62388888888889,299.99,19.95,7.2,12.883332,0.0,11.592895,2,5,0,150,2024,0,8187.138854166666,8026.183472222222,11.802083,0.0,5.116668000000001
2024-05-30,7868.085416666667,9992.65,5679.46,65.6157986111111,175.01,22.05,8.15,14.583333,0.0,20.617662,3,5,0,151,2024,0,8007.776527777778,8144.152395833334,12.883332,0.0,3.4166670000000003
2024-05-31,8168.8862500000005,9699.3,6394.42,104.45354166666667,425.87,19.5,14.5,17.4625,1.9000001,25.699057,4,5,0,152,2024,0,7868.085416666667,8150.138194444444,14.583333,0.0,0.5375000000000014
2024-06-01,8376.764756944445,10196.17,6553.03,133.9346875,285.78,16.6,12.0,13.795835,48.499996,31.311724,5,6,1,153,2024,0,8168.8862500000005,7879.884270833333,17.4625,0.0,4.204165
2024-06-02,7919.7901388888895,10314.89,6611.6,113.20229166666667,299.98,16.05,11.05,12.904166,16.1,27.362368,6,6,1,154,2024,0,8376.764756944445,7413.451111111111,13.795835,0.0,5.095834
2024-06-03,8444.278055555556,11388.17,6690.59,117.24527777777777,299.99,16.1,6.5,11.062499,0.0,15.509274,0,6,0,155,2024,0,7919.7901388888895,8092.522569444444,12.904166,0.0,6.937500999999999
2024-06-04,8795.974236111111,11443.03,7016.49,158.015,432.4,16.55,7.3,11.287501,0.0,21.746504,1,6,0,156,2024,0,8444.278055555556,8187.138854166666,11.062499,0.0,6.712498999999999
2024-06-05,8908.3334375,11205.12,6983.31,169.18322916666665,299.99,14.65,8.6,11.516666,1.0,12.313893,2,6,0,157,2024,0,8795.974236111111,8007.776527777778,11.287501,0.0,6.483333999999999
2024-06-06,8814.761805555556,11017.53,6854.89,110.62124999999999,282.64,15.5,11.05,13.310417,17.5,15.192682,3,6,0,158,2024,0,8908.3334375,7868.085416666667,11.516666,0.0,4.689583000000001
2024-06-07,8616.332847222222,10557.48,6976.44,113.19937499999999,268.56,17.5,11.35,14.627083,5.2999997,27.77838,4,6,0,159,2024,0,8814.761805555556,8168.8862500000005,13.310417,0.0,3.3729169999999993
2024-06-08,7668.094548611111,9466.8,5941.13,97.65631944444445,241.73,18.95,11.05,14.2375,0.90000004,22.148045,5,6,1,160,2024,0,8616.332847222222,8376.764756944445,14.627083,0.0,3.7624999999999993
2024-06-09,7395.147395833334,9622.42,5355.22,97.165625,299.49,17.45,8.75,13.047917,0.0,19.592731,6,6,1,161,2024,0,7668.094548611111,7919.7901388888895,14.2375,0.0,4.952083
2024-06-10,7857.4025,10711.0,6007.64,90.47256944444445,270.55,16.75,7.75,11.760417,0.2,19.966211,0,6,0,162,2024,0,7395.147395833334,8444.278055555556,13.047917,0.0,6.239583
2024-06-11,9030.415208333334,11484.37,7033.99,93.2579513888889,608.34,15.8,5.35,11.3625,0.0,24.079666,1,6,0,163,2024,0,7857.4025,8795.974236111111,11.760417,0.0,6.637499999999999
2024-06-12,8418.548333333332,11230.56,6469.17,91.01239583333333,299.98,16.8,8.7,12.714584,2.8,28.137632,2,6,0,164,2024,0,9030.415208333334,8908.3334375,11.3625,0.0,5.285416
2024-06-13,9186.415,11629.52,7330.88,232.7529861111111,1117.82,14.9,7.35,10.914582,0.0,17.698677,3,6,0,165,2024,0,8418.548333333332,8814.761805555556,12.714584,0.0,7.085418000000001
2024-06-14,9284.714479166667,11372.38,7240.4,224.61065972222224,333.83,13.8,9.85,11.775001,9.5,14.154915,4,6,0,166,2024,0,9186.415,8616.332847222222,10.914582,0.0,6.224999
2024-06-15,8718.754791666666,10943.02,6979.47,136.6436111111111,299.98,13.15,9.85,11.458333,18.200003,22.61419,5,6,1,167,2024,0,9284.714479166667,7668.094548611111,11.775001,0.0,6.541667
2024-06-16,8175.4655555555555,11212.85,5730.38,96.01371527777778,299.98,14.95,6.35,10.156249,0.0,21.175835,6,6,1,168,2024,0,8718.754791666666,7395.147395833334,11.458333,0.0,7.843750999999999
2024-06-17,9131.648645833333,11783.8,7116.72,186.08,699.88,15.35,8.65,11.864585,0.5,26.486313,0,6,0,169,2024,0,8175.4655555555555,7857.4025,10.156249,0.0,6.135415
2024-06-18,8853.450694444444,11601.56,6596.27,213.06875000000002,561.27,15.95,7.5,10.570832,0.0,18.014393,1,6,0,170,2024,0,9131.648645833333,9030.415208333334,11.864585,0.0,7.429168000000001
2024-06-19,9155.405659722222,12077.07,6790.34,239.62510416666666,911.3,14.15,4.25,8.270833,0.0,18.806337,2,6,0,171,2024,0,8853.450694444444,8418.548333333332,10.570832,0.0,9.729167
2024-06-20,9514.021701388889,12086.38,7631.08,329.3979513888889,786.5,15.0,2.4,8.141666,0.0,10.163227,3,6,0,172,2024,0,9155.405659722222,9186.415,8.270833,0.0,9.858334
2024-06-21,9136.821527777778,11385.78,7423.02,284.97461805555554,724.99,15.55,6.0,10.150001,0.0,14.205182,4,6,0,173,2024,0,9514.021701388889,9284.714479166667,8.141666,0.0,7.849999
2024-06-22,8967.546979166666,11215.6,7176.61,250.2632638888889,426.46,13.75,7.8,10.84375,8.799999,25.6233,5,6,1,174,2024,0,9136.821527777778,8718.754791666666,10.150001,0.0,7.15625
2024-06-23,8517.84,11084.83,7132.3,210.41309027777777,449.99,14.6,7.8,11.629166,4.7,18.671474,6,6,1,175,2024,0,8967.546979166666,8175.4655555555555,10.84375,0.0,6.370834
2024-06-24,9191.962951388889,12113.02,7251.65,198.54402777777779,724.99,15.7,5.3,9.75,0.0,13.5515,0,6,0,176,2024,0,8517.84,9131.648645833333,11.629166,0.0,8.25
2024-06-25,9071.785798611112,11675.12,6878.62,125.87013888888889,299.99,17.25,4.7,10.314583,0.0,13.493999,1,6,0,177,2024,0,9191.962951388889,8853.450694444444,9.75,0.0,7.685416999999999
2024-06-26,8609.2409375,10882.45,6351.06,95.208125,299.98,19.35,6.85,12.060417,0.0,13.910169,2,6,0,178,2024,0,9071.785798611112,9155.405659722222,10.314583,0.0,5.939583000000001
2024-06-27,8627.381493055556,11097.0,6312.38,131.70506944444443,299.99,17.15,3.85,10.491667,0.0,12.9249525,3,6,0,179,2024,0,8609.2409375,9514.021701388889,12.060417,0.0,7.508333
2024-06-28,8733.979791666667,11135.18,6351.03,81.53708333333333,274.36,16.75,4.25,10.089583,0.0,12.661564,4,6,0,180,2024,0,8627.381493055556,9136.821527777778,10.491667,0.0,7.910417000000001
2024-06-29,8233.333576388888,10116.75,6261.08,67.34142361111111,152.55,18.9,5.4,12.360415,0.0,20.5484,5,6,1,181,2024,0,8733.979791666667,8967.546979166666,10.089583,0.0,5.639585
2024-06-30,8615.791875,11313.3,6611.71,93.69920138888888,299.99,15.5,8.4,12.983333,5.799999,20.780453,6,6,1,182,2024,0,8233.333576388888,8517.84,12.360415,0.0,5.016667
2024-07-01,9271.446631944444,12279.36,7131.41,151.56145833333332,357.59,13.7,6.45,10.054168,1.4000001,26.727423,0,7,0,183,2024,0,8615.791875,9191.962951388889,12.983333,0.0,7.945831999999999
2024-07-02,9334.5621875,12023.61,7246.11,139.8720138888889,357.66,14.55,9.35,11.697918,3.6999984,24.57511,1,7,0,184,2024,0,9271.446631944444,9071.785798611112,10.054168,0.0,6.302082
2024-07-03,9063.51486111111,11817.82,7203.5,127.13826388888889,449.98,14.5,10.65,12.150001,8.1,28.312117,2,7,0,185,2024,0,9334.5621875,8609.2409375,11.697918,0.0,5.849999
2024-07-04,8813.458090277778,11286.52,7026.52,132.8304861111111,299.99,16.55,10.75,13.39375,4.0999994,22.288042,3,7,0,186,2024,0,9063.51486111111,8627.381493055556,12.150001,0.0,4.606249999999999
2024-07-05,8800.3546875,11105.63,7078.84,138.31371527777776,299.99,16.0,10.7,13.41875,2.6,22.55106,4,7,0,187,2024,0,8813.458090277778,8733.979791666667,13.39375,0.0,4.581250000000001
2024-07-06,8299.878090277778,10487.57,6903.81,112.98541666666667,289.42,15.45,10.25,13.075001,2.8999994,21.316135,5,7,1,188,2024,0,8800.3546875,8233.333576388888,13.41875,0.0,4.924999
2024-07-07,8173.751840277777,10553.23,6755.41,95.11315972222222,299.99,15.6,9.95,12.704166,1.4000001,10.990322,6,7,1,189,2024,0,8299.878090277778,8615.791875,13.075001,0.0,5.295833999999999
2024-07-08,8899.727118055556,11181.34,6710.84,173.91104166666665,299.99,16.7,11.45,13.681249,4.6999993,14.77755,0,7,0,190,2024,0,8173.751840277777,9271.446631944444,12.704166,0.0,4.318751000000001
2024-07-09,8620.123958333334,10661.22,6900.85,166.1823263888889,299.99,18.55,10.1,14.243751,3.6999998,14.440443,1,7,0,191,2024,0,8899.727118055556,9334.5621875,13.681249,0.0,3.7562490000000004
2024-07-10,8391.898680555554,10668.7,6535.05,131.95506944444443,299.99,17.6,6.7,11.454166,0.2,9.726665,2,7,0,192,2024,0,8620.123958333334,9063.51486111111,14.243751,0.0,6.545833999999999
2024-07-11,8851.48142361111,11323.74,7075.59,132.43649305555556,299.99,16.5,7.45,11.258332,0.0,11.885453,3,7,0,193,2024,0,8391.898680555554,8813.458090277778,11.454166,0.0,6.741668000000001
2024-07-12,8639.767430555556,10790.91,6757.91,150.26833333333332,299.99,16.55,7.15,11.285417,0.0,19.083395,4,7,0,194,2024,0,8851.48142361111,8800.3546875,11.258332,0.0,6.714582999999999
2024-07-13,8087.575381944444,10277.24,6399.74,123.15875,299.98,16.1,9.5,12.395833,0.0,20.497883,5,7,1,195,2024,0,8639.767430555556,8299.878090277778,11.285417,0.0,5.604167
2024-07-14,8042.8180555555555,11005.47,5633.41,91.9384375,298.19,15.05,7.95,10.466665,0.0,20.598795,6,7,1,196,2024,0,8087.575381944444,8173.751840277777,12.395833,0.0,7.533334999999999
2024-07-15,9108.409548611111,12461.59,7132.75,86.38656250000001,247.98,13.45,6.3,9.379167,0.0,27.459293,0,7,0,197,2024,0,8042.8180555555555,8899.727118055556,10.466665,0.0,8.620833
2024-07-16,9470.523854166668,12166.13,7279.95,94.92989583333333,280.59,13.9,7.95,10.645833,0.1,25.922499,1,7,0,198,2024,0,9108.409548611111,8620.123958333334,9.379167,0.0,7.354167
2024-07-17,8832.424444444445,11307.69,6916.54,135.05270833333333,299.99,17.6,10.0,12.7854185,0.5,23.051247,2,7,0,199,2024,0,9470.523854166668,8391.898680555554,10.645833,0.0,5.2145814999999995
2024-07-18,8641.429027777778,11199.1,6613.18,127.51552083333334,389.09,16.45,7.65,11.372917,0.0,24.798225,3,7,0,200,2024,0,8832.424444444445,8851.48142361111,12.7854185,0.0,6.627083000000001
2024-07-19,8993.497534722223,11619.05,6751.39,90.02291666666666,299.99,15.65,5.25,10.252082,0.0,19.8,4,7,0,201,2024,0,8641.429027777778,8639.767430555556,11.372917,0.0,7.747918
2024-07-20,8126.224409722222,10909.68,5959.81,45.0653125,175.02,15.35,11.2,12.739583,0.0,36.161636,5,7,1,202,2024,0,8993.497534722223,8087.575381944444,10.252082,0.0,5.260417
2024-07-21,7672.831909722222,10578.26,5129.17,54.25711805555555,241.66,16.2,8.0,12.181248,0.0,33.805515,6,7,1,203,2024,0,8126.224409722222,8042.8180555555555,12.739583,0.0,5.818752
2024-07-22,8636.06329861111,11203.93,6936.17,96.16059027777777,299.99,17.6,6.0,10.747917,0.0,13.324863,0,7,0,204,2024,0,7672.831909722222,9108.409548611111,12.181248,0.0,7.252083000000001
2024-07-23,8491.437638888889,11041.07,5851.79,80.17180555555555,299.99,17.9,5.15,10.549998,0.0,12.4811535,1,7,0,205,2024,0,8636.06329861111,9470.523854166668,10.747917,0.0,7.450002
2024-07-24,8475.741631944444,10942.85,5959.94,74.27743055555555,299.99,18.9,4.4,11.072917,0.0,17.58481,2,7,0,206,2024,0,8491.437638888889,8832.424444444445,10.549998,0.0,6.927083
2024-07-25,8185.995590277777,10155.96,6359.17,76.7990625,276.3,22.2,11.4,15.956248,0.1,24.144165,3,7,0,207,2024,0,8475.741631944444,8641.429027777778,11.072917,0.0,2.0437519999999996
2024-07-26,7922.495555555556,9990.54,5675.3,92.81270833333333,299.99,19.05,8.95,13.972919,1.7,16.93531,4,7,0,208,2024,0,8185.995590277777,8993.497534722223,15.956248,0.0,4.027081000000001
2024-07-27,8364.368680555555,10086.65,6805.64,117.11652777777778,283.62,16.25,6.1,10.566666,3.2,13.450708,5,7,1,209,2024,0,7922.495555555556,8126.224409722222,13.972919,0.0,7.433334
2024-07-28,8065.826215277779,11559.62,5670.63,101.78979166666666,299.99,13.15,8.1,9.983335,0.0,29.598919,6,7,1,210,2024,0,8364.368680555555,7672.831909722222,10.566666,0.0,8.016665
2024-07-29,9227.207638888889,12354.51,7215.49,258.4703125,4011.98,13.6,6.9,10.304167,0.0,31.421213,0,7,0,211,2024,0,8065.826215277779,8636.06329861111,9.983335,0.0,7.695833
2024-07-30,9306.995381944444,12085.79,7314.25,276.49708333333336,17289.83,14.75,6.95,10.797916,0.0,31.104082,1,7,0,212,2024,0,9227.207638888889,8491.437638888889,10.304167,0.0,7.202083999999999
2024-07-31,9243.38795138889,11902.57,7490.37,266.6169097222222,4050.15,15.0,8.9,11.589583,0.0,31.170673,2,7,0,213,2024,0,9306.995381944444,8475.741631944444,10.797916,0.0,6.410417000000001
2024-08-01,9126.50861111111,11818.15,7373.57,168.63885416666665,549.91,14.35,9.15,11.522916,1.2,28.901073,3,8,0,214,2024,0,9243.38795138889,8185.995590277777,11.589583,0.0,6.477084
2024-08-02,8777.623645833333,11129.66,6907.18,227.2045486111111,16436.2,15.1,8.1,11.272918,1.5000001,15.84409,4,8,0,215,2024,0,9126.50861111111,7922.495555555556,11.522916,0.0,6.727081999999999
2024-08-03,7966.153888888888,10275.68,5147.16,168.4745138888889,299.99,17.05,5.35,10.172917,0.0,13.217443,5,8,1,216,2024,0,8777.623645833333,8364.368680555555,11.272918,0.0,7.827083
2024-08-04,8324.179652777777,11079.45,6452.84,198.9385763888889,326.38,15.4,4.7,9.485417,0.0,11.367109,6,8,1,217,2024,0,7966.153888888888,8065.826215277779,10.172917,0.0,8.514583
2024-08-05,9284.554618055556,11746.25,7148.74,2145.3430208333334,17500.0,15.3,4.65,10.129168,0.1,8.699793,0,8,0,218,2024,0,8324.179652777777,9227.207638888889,9.485417,0.0,7.870832
2024-08-06,8532.897569444445,11206.24,6308.11,149.05194444444444,299.99,16.8,5.8,11.074998,0.1,15.876775,1,8,0,219,2024,0,9284.554618055556,9306.995381944444,10.129168,0.0,6.925001999999999
2024-08-07,8526.059270833333,11165.16,5940.3,132.0206597222222,299.99,16.7,5.2,9.477083,0.0,13.849476,2,8,0,220,2024,0,8532.897569444445,9243.38795138889,11.074998,0.0,8.522917
2024-08-08,8465.603645833333,10816.41,5970.72,117.90135416666665,299.99,17.6,4.3,11.010417,0.0,19.386591,3,8,0,221,2024,0,8526.059270833333,9126.50861111111,9.477083,0.0,6.989583
2024-08-09,8367.853506944444,10268.73,6084.23,148.28881944444444,299.99,19.0,6.3,11.987502,0.9,13.684735,4,8,0,222,2024,0,8465.603645833333,8777.623645833333,11.010417,0.0,6.012498000000001
2024-08-10,7652.853055555556,9655.51,5396.85,129.700625,280.0,17.6,8.4,12.452084,0.2,12.682018,5,8,1,223,2024,0,8367.853506944444,7966.153888888888,11.987502,0.0,5.547916000000001
2024-08-11,7466.136597222222,9877.11,5482.41,122.61385416666667,305.11,17.3,7.95,12.443752,0.5,14.20062,6,8,1,224,2024,0,7652.853055555556,8324.179652777777,12.452084,0.0,5.556248
2024-08-12,8576.8909375,10845.21,6676.99,152.05756944444445,326.24,17.95,9.35,13.2375,3.0,11.988594,0,8,0,225,2024,0,7466.136597222222,9284.554618055556,12.443752,0.0,4.762499999999999
2024-08-13,8338.395590277778,10245.3,6698.38,138.9232638888889,443.96,18.35,13.15,15.812499,3.3999999,23.113008,1,8,0,226,2024,0,8576.8909375,8532.897569444445,13.2375,0.0,2.1875009999999993
2024-08-14,8479.8584375,10344.84,6638.73,142.20604166666666,299.99,16.75,13.95,15.447918,22.5,8.905908,2,8,0,227,2024,0,8338.395590277778,8526.059270833333,15.812499,0.0,2.5520820000000004
2024-08-15,8124.4792708333325,10008.57,6692.44,208.45784722222223,11730.45,17.05,11.55,14.162498,0.2,18.35647,3,8,0,228,2024,0,8479.8584375,8465.603645833333,15.447918,0.0,3.8375020000000006
2024-08-16,7686.896701388889,9404.04,6232.93,129.12715277777778,258.66,20.15,11.05,14.618749,0.1,12.245294,4,8,0,229,2024,0,8124.4792708333325,8367.853506944444,14.162498,0.0,3.3812510000000007
2024-08-17,7009.269375,9170.04,5019.13,72.55097222222223,205.9,19.05,12.0,15.145835,0.1,22.734219,5,8,1,230,2024,0,7686.896701388889,7652.853055555556,14.618749,0.0,2.854165
2024-08-18,7422.862048611111,9955.32,5976.72,124.6003125,299.99,15.7,11.45,13.633332,0.2,31.421213,6,8,1,231,2024,0,7009.269375,7466.136597222222,15.145835,0.0,4.366668000000001
2024-08-19,7961.035277777778,10357.58,6569.85,111.12135416666666,265.65,16.35,9.85,13.272918,0.3,10.464797,0,8,0,232,2024,0,7422.862048611111,8576.8909375,13.633332,0.0,4.727081999999999
2024-08-20,7471.887708333334,9699.87,5190.78,76.55371527777778,261.25,20.7,8.15,14.131249,0.2,22.86496,1,8,0,233,2024,0,7961.035277777778,8338.395590277778,13.272918,0.0,3.8687509999999996
2024-08-21,7114.111423611112,9343.05,5033.73,63.7248611111111,218.61,24.3,13.95,18.21667,0.0,22.086521,2,8,0,234,2024,0,7471.887708333334,8479.8584375,14.131249,0.21667000000000058,0.0
2024-08-22,7246.279756944445,9298.19,5358.65,77.67177083333334,299.88,20.2,12.75,15.939582,0.0,12.904882,3,8,0,235,2024,0,7114.111423611112,8124.4792708333325,18.21667,0.0,2.0604180000000003
2024-08-23,7189.200763888889,9059.42,4924.86,69.36027777777777,254.89,19.9,8.65,14.029166,0.0,19.242327,4,8,0,236,2024,0,7246.279756944445,7686.896701388889,15.939582,0.0,3.970834
2024-08-24,6588.815277777778,8307.72,4302.45,38.93631944444444,725.02,26.2,12.15,18.86875,0.2,25.959969,5,8,1,237,2024,0,7189.200763888889,7009.269375,14.029166,0.8687499999999986,0.0
2024-08-25,7034.900798611111,8829.56,5943.3,74.70416666666667,340.49,23.45,15.8,18.875002,1.1,30.261421,6,8,1,238,2024,0,6588.815277777778,7422.862048611111,18.86875,0.8750019999999985,0.0
2024-08-26,6682.750381944445,9174.83,4501.33,41.562083333333334,254.66,21.3,13.2,17.820833,0.0,30.37683,0,8,0,239,2024,0,7034.900798611111,7961.035277777778,18.875002,0.0,0.17916699999999963
2024-08-27,6885.6724652777775,9226.98,4447.62,57.91815972222222,336.22,22.25,6.65,15.5270815,0.0,22.565422,1,8,0,240,2024,0,6682.750381944445,7471.887708333334,17.820833,0.0,2.4729185000000005
2024-08-28,6896.826111111111,9135.2,4685.41,33.39149305555556,131.14,26.8,15.0,20.779165,0.0,39.413013,2,8,0,241,2024,0,6885.6724652777775,7114.111423611112,15.5270815,2.779164999999999,0.0
2024-08-29,6817.093090277778,9211.11,4340.33,49.01673611111111,725.05,22.15,12.35,16.716665,0.0,18.35647,3,8,0,242,2024,0,6896.826111111111,7246.279756944445,20.779165,0.0,1.283335000000001
2024-08-30,6864.464930555555,8991.04,4732.39,28.97232638888889,225.5,29.15,12.7,20.541666,0.0,28.876396,4,8,0,243,2024,0,6817.093090277778,7189.200763888889,16.716665,2.5416659999999993,0.0
2024-08-31,6111.2378125,8210.91,3650.37,9.391736111111111,206.94,22.9,14.7,18.120832,0.0,28.691795,5,8,1,244,2024,0,6864.464930555555,6588.815277777778,20.541666,0.12083200000000005,0.0
2024-09-01,5954.179861111112,8225.31,3423.76,9.891805555555557,96.99,25.8,13.9,18.847914,0.0,30.113304,6,9,1,245,2024,0,6111.2378125,7034.900798611111,18.120832,0.8479139999999994,0.0
2024-09-02,6704.9959375,9126.82,4456.69,24.110277777777778,128.31,25.1,12.3,17.718748,0.0,37.490158,0,9,0,246,2024,0,5954.179861111112,6682.750381944445,18.847914,0.0,0.2812519999999985
2024-09-03,6956.452395833334,9490.84,4442.9,59.06513888888888,256.47,17.25,8.0,12.735417,0.0,27.852928,1,9,0,247,2024,0,6704.9959375,6885.6724652777775,17.718748,0.0,5.264583
2024-09-04,7022.376909722222,9220.25,4349.11,43.20395833333333,171.68,20.7,5.4,13.500001,0.0,25.43802,2,9,0,248,2024,0,6956.452395833334,6896.826111111111,12.735417,0.0,4.499999000000001
2024-09-05,6948.9383333333335,8898.82,4941.87,41.01920138888889,130.0,26.65,10.75,19.0875,0.0,20.304129,3,9,0,249,2024,0,7022.376909722222,6817.093090277778,13.500001,1.0874999999999986,0.0
2024-09-06,6644.09625,8757.35,4465.83,28.58989583333333,109.07,29.3,15.25,21.702085,0.0,24.344624,4,9,0,250,2024,0,6948.9383333333335,6864.464930555555,19.0875,3.7020850000000003,0.0
2024-09-07,6396.988159722223,8155.34,4271.96,42.26618055555556,130.0,24.2,14.2,19.331253,0.0,25.35637,5,9,1,251,2024,0,6644.09625,6111.2378125,21.702085,1.3312530000000002,0.0
2024-09-08,6549.842291666667,8531.43,5195.8,101.26368055555555,16611.9,19.7,12.35,15.270833,0.0,14.277983,6,9,1,252,2024,0,6396.988159722223,5954.179861111112,19.331253,0.0,2.7291670000000003
2024-09-09,6645.5746875,8936.45,4572.2,45.76690972222222,209.78,24.6,9.95,17.50625,0.0,24.703974,0,9,0,253,2024,0,6549.842291666667,6704.9959375,15.270833,0.0,0.4937499999999986
2024-09-10,6836.407430555556,8956.54,4761.27,70.95072916666668,257.97,20.05,12.1,16.122917,0.0,16.171976,1,9,0,254,2024,0,6645.5746875,6956.452395833334,17.50625,0.0,1.877082999999999
2024-09-11,6861.146423611111,8970.98,4461.76,67.48378472222221,397.54,22.7,8.35,16.045832,0.0,17.298738,2,9,0,255,2024,0,6836.407430555556,7022.376909722222,16.122917,0.0,1.9541679999999992
2024-09-12,7361.949583333333,9368.05,6204.86,83.8826736111111,370.01,19.1,13.85,16.085417,3.7999997,35.66908,3,9,0,256,2024,0,6861.146423611111,6948.9383333333335,16.045832,0.0,1.9145830000000004
2024-09-13,6935.585069444444,8934.33,4672.23,66.17993055555556,172.95,17.05,9.95,13.816666,0.1,25.620771,4,9,0,257,2024,0,7361.949583333333,6644.09625,16.085417,0.0,4.183334
2024-09-14,6307.778611111111,8406.08,3596.54,31.403333333333332,116.07,22.2,7.65,14.356251,0.0,32.654995,5,9,1,258,2024,0,6935.585069444444,6396.988159722223,13.816666,0.0,3.6437489999999997
2024-09-15,6577.189375,9633.68,4121.54,36.61548611111111,299.99,15.8,9.25,12.420834,0.2,41.797222,6,9,1,259,2024,0,6307.778611111111,6549.842291666667,14.356251,0.0,5.579166000000001
2024-09-16,7078.115173611111,9954.48,4260.45,57.91465277777778,195.74,18.25,5.1,12.349999,0.0,16.375053,0,9,0,260,2024,0,6577.189375,6645.5746875,12.420834,0.0,5.650001
2024-09-17,6833.186145833333,9247.58,4076.54,63.56482638888888,299.99,20.6,8.25,13.693748,0.0,18.289274,1,9,0,261,2024,0,7078.115173611111,6836.407430555556,12.349999,0.0,4.306252000000001
2024-09-18,6628.896319444444,9050.53,3931.69,38.556250000000006,299.99,24.9,6.25,15.354167,0.0,25.809765,2,9,0,262,2024,0,6833.186145833333,6861.146423611111,13.693748,0.0,2.6458329999999997
2024-09-19,6538.009652777778,8861.05,4008.28,36.278506944444445,130.0,26.65,12.35,18.574999,0.0,35.281837,3,9,0,263,2024,0,6628.896319444444,7361.949583333333,15.354167,0.5749989999999983,0.0
2024-09-20,6398.7311805555555,8522.62,3886.41,40.0871875,149.58,24.0,8.1,15.999999,0.0,20.948164,4,9,0,264,2024,0,6538.009652777778,6935.585069444444,18.574999,0.0,2.0000009999999993
2024-09-21,5905.5010763888895,8058.68,3307.13,31.857986111111114,130.0,22.95,11.15,16.902084,0.0,18.775301,5,9,1,265,2024,0,6398.7311805555555,6307.778611111111,15.999999,0.0,1.0979160000000014
2024-09-22,5838.619513888889,8318.52,3280.94,35.42402777777778,190.0,25.2,9.15,17.097916,0.0,22.682856,6,9,1,266,2024,0,5905.5010763888895,6577.189375,16.902084,0.0,0.9020839999999986
2024-09-23,6346.111215277778,8773.73,3918.99,71.57437499999999,299.99,27.75,9.6,18.73125,0.0,15.725037,0,9,0,267,2024,0,5838.619513888889,7078.115173611111,17.097916,0.7312499999999993,0.0
2024-09-24,6675.036666666667,8740.03,4759.36,91.59993055555555,299.99,24.05,13.25,18.479168,0.0,22.127556,1,9,0,268,2024,0,6346.111215277778,6833.186145833333,18.73125,0.47916800000000137,0.0
2024-09-25,7102.769965277777,8880.07,5903.14,86.41614583333333,163.4,29.35,16.3,21.458334,0.8,19.721298,2,9,0,269,2024,0,6675.036666666667,6628.896319444444,18.479168,3.4583340000000007,0.0
2024-09-26,8070.988611111112,10249.44,6055.7,109.20895833333333,656.74,17.5,11.95,13.739583,19.8,32.44047,3,9,0,270,2024,0,7102.769965277777,6538.009652777778,21.458334,0.0,4.260417
2024-09-27,7414.040243055555,9566.99,5919.22,82.67190972222221,297.53,16.5,13.1,14.889584,2.3999999,30.784735,4,9,0,271,2024,0,8070.988611111112,6398.7311805555555,13.739583,0.0,3.1104160000000007
2024-09-28,6680.583298611111,8701.97,4895.59,48.52,151.99,18.15,14.0,15.672915,1.0000001,19.486609,5,9,1,272,2024,0,7414.040243055555,5905.5010763888895,14.889584,0.0,2.3270850000000003
2024-09-29,6516.517569444444,8590.12,5054.93,122.31447916666667,17307.23,19.8,11.7,16.166666,12.6,15.476859,6,9,1,273,2024,0,6680.583298611111,5838.619513888889,15.672915,0.0,1.8333340000000007
2024-09-30,6825.296840277778,8995.51,5134.38,72.6646875,423.8,18.9,11.55,15.908336,19.1,30.244818,0,9,0,274,2024,0,6516.517569444444,6346.111215277778,16.166666,0.0,2.0916639999999997
2024-10-01,6522.524375,8808.39,4078.16,72.50434027777777,299.99,20.05,9.35,14.985417,0.0,18.64543,1,10,0,275,2024,0,6825.296840277778,6675.036666666667,15.908336,0.0,3.014583
2024-10-02,7134.6790625,8943.63,5987.76,83.36121527777777,299.98,18.3,13.15,15.675002,3.3999999,19.810633,2,10,0,276,2024,0,6522.524375,7102.769965277777,14.985417,0.0,2.324998000000001
2024-10-03,6718.083854166666,8876.51,5054.75,63.35774305555555,452.76,19.0,10.9,15.231251,0.3,15.898188,3,10,0,277,2024,0,7134.6790625,8070.988611111112,15.675002,0.0,2.7687489999999997
2024-10-04,6580.5378125,8558.14,4590.07,60.04298611111111,437.08,20.65,8.2,15.364582,0.0,20.527102,4,10,0,278,2024,0,6718.083854166666,7414.040243055555,15.231251,0.0,2.6354179999999996
2024-10-05,5956.690416666667,7957.12,3824.36,14.446840277777776,76.0,24.95,15.2,19.583336,6.8,22.442324,5,10,1,279,2024,0,6580.5378125,6680.583298611111,15.364582,1.5833359999999992,0.0
2024-10-06,5616.5323263888895,7668.58,3247.78,13.570902777777778,100.0,26.7,14.65,20.020832,0.0,18.921415,6,10,1,280,2024,0,5956.690416666667,6516.517569444444,19.583336,2.0208319999999986,0.0
2024-10-07,5778.897881944445,8039.15,3566.5,26.536770833333335,272.02,28.3,10.45,19.991667,0.0,20.232191,0,10,0,281,2024,0,5616.5323263888895,6825.296840277778,20.020832,1.9916669999999996,0.0
2024-10-08,7198.524930555555,8919.37,5913.9,105.10559027777778,326.47,17.5,14.8,15.4958315,1.4000001,26.087584,1,10,0,282,2024,0,5778.897881944445,6522.524375,19.991667,0.0,2.5041685000000005
2024-10-09,7293.669131944444,8675.47,6188.5,80.01520833333333,500.05,16.3,12.6,14.839584,1.5,18.713942,2,10,0,283,2024,0,7198.524930555555,7134.6790625,15.4958315,0.0,3.1604159999999997
2024-10-10,6452.670243055556,8588.51,4043.2,52.46704861111111,268.59,22.05,9.95,16.377085,0.0,26.758923,3,10,0,284,2024,0,7293.669131944444,6718.083854166666,14.839584,0.0,1.622914999999999
2024-10-11,6528.631631944444,8253.03,4450.63,71.24847222222223,274.43,22.8,12.5,18.21875,0.5,18.406704,4,10,0,285,2024,0,6452.670243055556,6580.5378125,16.377085,0.21875,0.0
2024-10-12,6570.116076388888,8027.34,5052.93,73.87322916666668,590.91,17.55,12.1,16.164585,0.4,34.549686,5,10,1,286,2024,0,6528.631631944444,5956.690416666667,18.21875,0.0,1.8354150000000011
2024-10-13,6062.291076388889,8040.43,4042.77,72.31100694444444,299.99,20.35,11.5,16.147917,0.9,21.001457,6,10,1,287,2024,0,6570.116076388888,5616.5323263888895,16.164585,0.0,1.8520830000000004
2024-10-14,6872.529513888889,8645.62,5308.37,89.76340277777778,388.06,24.15,11.7,16.95833,3.9,16.394829,0,10,0,288,2024,0,6062.291076388889,5778.897881944445,16.147917,0.0,1.0416699999999999
2024-10-15,7321.9290972222225,8893.09,6083.12,156.90715277777778,13918.52,17.35,14.15,15.762501,2.1,22.939232,1,10,0,289,2024,0,6872.529513888889,7198.524930555555,16.95833,0.0,2.2374989999999997
2024-10-16,7001.373506944445,8532.35,5820.59,100.80479166666666,299.99,18.15,10.5,14.795833,0.0,10.075177,2,10,0,290,2024,0,7321.9290972222225,7293.669131944444,15.762501,0.0,3.204167
2024-10-17,6397.384027777778,8427.27,3982.78,79.06503472222222,299.98,21.75,8.2,16.0,0.0,19.376562,3,10,0,291,2024,0,7001.373506944445,6452.670243055556,14.795833,0.0,2.0
2024-10-18,7118.7254861111105,8272.72,5939.39,71.25722222222223,299.99,24.5,16.1,19.79375,5.2999997,25.284714,4,10,0,292,2024,0,6397.384027777778,6528.631631944444,16.0,1.7937499999999993,0.0
2024-10-19,6332.730173611111,7850.49,4997.26,75.36225694444445,299.99,22.1,16.45,19.033335,5.9,21.087673,5,10,1,293,2024,0,7118.7254861111105,6570.116076388888,19.79375,1.033335000000001,0.0
2024-10-20,5684.015659722222,7861.02,3149.96,43.25284722222222,254.89,20.25,16.25,17.841667,0.0,29.888672,6,10,1,294,2024,0,6332.730173611111,6062.291076388889,19.033335,0.0,0.15833299999999895
2024-10-21,6381.949409722222,8155.13,4451.37,81.81361111111111,299.99,19.55,14.55,16.6625,0.8000001,32.663925,0,10,0,295,2024,0,5684.015659722222,6872.529513888889,17.841667,0.0,1.3374999999999986
2024-10-22,6222.1209375,8425.35,3800.92,73.74458333333332,402.55,21.95,12.1,16.504168,0.0,14.973577,1,10,0,296,2024,0,6381.949409722222,7321.9290972222225,16.6625,0.0,1.495832
2024-10-23,6741.7971875,8399.07,4890.81,192.836875,10378.41,26.6,10.85,18.60625,0.0,17.574675,2,10,0,297,2024,0,6222.1209375,7001.373506944445,16.504168,0.6062499999999993,0.0
2024-10-24,6567.170173611111,8313.42,4396.51,90.29645833333333,299.99,20.15,14.25,17.3375,5.5,25.244318,3,10,0,298,2024,0,6741.7971875,6397.384027777778,18.60625,0.0,0.6625000000000014
2024-10-25,6137.4384375,8009.96,3962.22,74.99729166666667,299.99,21.65,11.1,15.520833,0.8,30.189598,4,10,0,299,2024,0,6567.170173611111,7118.7254861111105,17.3375,0.0,2.4791670000000003
2024-10-26,5631.1272222222215,7666.45,3015.86,72.25149305555556,300.0,18.5,10.0,14.391666,0.0,23.760681,5,10,1,300,2024,0,6137.4384375,6332.730173611111,15.520833,0.0,3.6083339999999993
2024-10-27,5718.401562499999,7949.25,3269.6,59.212604166666665,231.95,24.35,9.15,16.887499,0.0,21.219397,6,10,1,301,2024,0,5631.1272222222215,5684.015659722222,14.391666,0.0,1.1125010000000017
2024-10-28,6474.780451388889,8312.23,4935.03,61.51881944444444,580.0,24.9,11.5,17.789583,0.3,27.172848,0,10,0,302,2024,0,5718.401562499999,6381.949409722222,16.887499,0.0,0.21041699999999963
2024-10-29,6408.227430555556,8265.45,4280.77,101.62118055555555,299.99,21.75,15.4,18.166666,0.2,20.302532,1,10,0,303,2024,0,6474.780451388889,6222.1209375,17.789583,0.16666599999999931,0.0
2024-10-30,6388.575138888888,8584.57,4058.33,90.0646875,299.98,24.85,11.3,18.847918,0.0,26.161995,2,10,0,304,2024,0,6408.227430555556,6741.7971875,18.166666,0.847918,0.0
2024-10-31,6684.572395833334,8539.63,4661.54,96.20829861111112,299.99,26.05,13.8,19.05833,1.2,20.12944,3,10,0,305,2024,0,6388.575138888888,6567.170173611111,18.847918,1.0583300000000015,0.0
2024-11-01,6518.250243055556,8110.8,4618.21,61.34340277777778,150.26,21.2,16.1,18.4625,2.2,18.278645,4,11,0,306,2024,0,6684.572395833334,6137.4384375,19.05833,0.4624999999999986,0.0
2024-11-02,6482.9328819444445,7884.95,5509.16,56.77576388888889,190.0,19.55,16.3,18.110415,1.5,24.840652,5,11,1,307,2024,0,6518.250243055556,5631.1272222222215,18.4625,0.11041499999999971,0.0
2024-11-03,6258.901458333334,8520.39,4156.19,28.708055555555557,135.07,31.5,14.5,23.308332,0.0,19.211996,6,11,1,308,2024,0,6482.9328819444445,5718.401562499999,18.110415,5.308332,0.0
2024-11-04,7216.436215277778,8691.65,5969.4,123.59666666666668,348.25,21.75,17.1,19.402086,5.1,20.625517,0,11,0,309,2024,0,6258.901458333334,6474.780451388889,23.308332,1.4020860000000006,0.0
2024-11-05,6971.134999999999,8391.59,6009.75,107.29642361111111,299.99,22.2,17.4,19.70625,0.9000001,22.535252,1,11,0,310,2024,0,7216.436215277778,6408.227430555556,19.402086,1.7062500000000007,0.0
2024-11-06,7157.987465277777,9675.43,4946.23,111.42371527777777,3929.66,27.2,15.75,21.4375,0.1,21.522614,2,11,0,311,2024,0,6971.134999999999,6388.575138888888,19.70625,3.4375,0.0
2024-11-07,7772.756527777778,9126.23,6354.66,1649.8585763888889,16100.0,34.3,18.75,24.516665,5.9999995,17.823637,3,11,0,312,2024,0,7157.987465277777,6684.572395833334,21.4375,6.516665,0.0
2024-11-08,6602.607951388889,8561.16,4649.15,184.3023611111111,9800.0,27.95,15.6,21.745834,0.6,23.510508,4,11,0,313,2024,0,7772.756527777778,6518.250243055556,24.516665,3.7458339999999986,0.0
2024-11-09,6286.636597222223,8119.95,4516.26,94.10934027777779,299.99,22.95,17.0,19.793749,3.7,23.999475,5,11,1,314,2024,0,6602.607951388889,6482.9328819444445,21.745834,1.7937489999999983,0.0
2024-11-10,6183.5323263888895,8191.09,4291.67,74.09309027777778,238.6,25.15,17.25,20.508331,1.2,33.366096,6,11,1,315,2024,0,6286.636597222223,6258.901458333334,19.793749,2.5083309999999983,0.0
2024-11-11,7351.340451388888,8615.86,6039.49,240.68833333333336,17499.96,21.15,16.9,19.177082,1.9000002,16.851885,0,11,0,316,2024,0,6183.5323263888895,7216.436215277778,20.508331,1.1770819999999986,0.0
2024-11-12,7097.676180555555,8360.96,6156.93,173.48732638888887,1035.66,22.25,16.2,19.281252,0.8,15.3686695,1,11,0,317,2024,0,7351.340451388888,6971.134999999999,19.177082,1.2812519999999985,0.0
2024-11-13,7053.379826388888,8307.3,5521.05,124.65781249999999,514.08,23.2,16.0,19.699999,9.599999,12.678185,2,11,0,318,2024,0,7097.676180555555,7157.987465277777,19.281252,1.6999989999999983,0.0
2024-11-14,6950.878402777777,8211.68,5781.78,128.33239583333335,500.0,20.45,17.0,18.735416,1.9000002,22.866377,3,11,0,319,2024,0,7053.379826388888,7772.756527777778,19.699999,0.7354160000000007,0.0
2024-11-15,7276.171423611111,8305.88,6093.6,127.53954861111112,3663.58,20.6,17.75,18.866667,3.5999997,15.726067,4,11,0,320,2024,0,6950.878402777777,6602.607951388889,18.735416,0.8666669999999996,0.0
2024-11-16,6473.835243055556,8021.47,4902.38,73.6509375,290.44,22.75,18.15,20.35,0.4,25.206429,5,11,1,321,2024,0,7276.171423611111,6286.636597222223,18.866667,2.3500000000000014,0.0
2024-11-17,6597.383854166666,9011.51,4756.67,58.45243055555555,540.06,26.5,18.85,22.514582,22.3,25.710403,6,11,1,322,2024,0,6473.835243055556,6183.5323263888895,20.35,4.514582000000001,0.0
2024-11-18,6681.962673611111,8471.03,4693.37,254.77225694444445,14450.0,25.75,18.0,20.783335,6.0999994,19.05281,0,11,0,323,2024,0,6597.383854166666,7351.340451388888,22.514582,2.783335000000001,0.0
2024-11-19,6825.418888888888,8320.8,5546.09,140.94020833333332,299.98,19.9,16.95,18.320833,5.0,16.24394,1,11,0,324,2024,0,6681.962673611111,7097.676180555555,20.783335,0.32083300000000037,0.0
2024-11-20,6694.131180555556,8375.8,5397.51,113.60236111111111,262.65,22.4,15.1,19.09375,1.0,20.01969,2,11,0,325,2024,0,6825.418888888888,7053.379826388888,18.320833,1.09375,0.0
2024-11-21,6706.2959375,8575.81,5079.42,145.36013888888888,4253.78,23.65,16.45,19.858335,0.1,19.987295,3,11,0,326,2024,0,6694.131180555556,6950.878402777777,19.09375,1.8583350000000003,0.0
2024-11-22,6839.366006944444,9039.68,4903.56,206.5735763888889,17500.0,25.0,15.1,20.4875,0.1,20.234594,4,11,0,327,2024,0,6706.2959375,7276.171423611111,19.858335,2.4875000000000007,0.0
2024-11-23,6558.836215277778,9084.87,4487.62,97.08708333333334,327.23,27.5,17.15,22.2125,0.0,21.661413,5,11,1,328,2024,0,6839.366006944444,6473.835243055556,20.4875,4.212499999999999,0.0
2024-11-24,6739.5242708333335,9308.05,4626.03,111.18576388888889,347.44,27.65,18.2,22.758333,0.0,22.404757,6,11,1,329,2024,0,6558.836215277778,6597.383854166666,22.2125,4.758333,0.0
2024-11-25,7564.90361111111,10546.8,5928.78,153.83458333333334,1474.68,27.55,18.65,22.697916,0.0,24.470734,0,11,0,330,2024,0,6739.5242708333335,6681.962673611111,22.758333,4.697915999999999,0.0
2024-11-26,8160.928888888889,11273.53,6388.72,308.3446875,17500.0,31.1,19.25,24.493746,0.0,18.329973,1,11,0,331,2024,0,7564.90361111111,6825.418888888888,22.697916,6.493746000000002,0.0
2024-11-27,8575.047395833333,11302.59,6587.2,1033.62,17500.0,36.25,20.4,27.958334,0.5,14.044615,2,11,0,332,2024,0,8160.928888888889,6694.131180555556,24.493746,9.958334,0.0
2024-11-28,8422.04579861111,10079.54,6704.8,168.15958333333333,500.05,30.05,22.65,25.591667,2.5,14.949756,3,11,0,333,2024,0,8575.047395833333,6706.2959375,27.958334,7.591667000000001,0.0
2024-11-29,7956.860833333333,8734.03,6581.58,278.85298611111114,17499.89,22.1,20.3,20.997915,21.0,17.654686,4,11,0,334,2024,0,8422.04579861111,6839.366006944444,25.591667,2.997914999999999,0.0
2024-11-30,7474.191388888889,8429.74,6354.0,159.58749999999998,299.99,23.9,20.7,21.672918,22.7,23.431824,5,11,1,335,2024,0,7956.860833333333,6558.836215277778,20.997915,3.6729179999999992,0.0
2024-12-01,7034.0803472222215,8767.93,5596.33,117.38618055555555,418.35,27.75,19.6,23.164581,9.900001,13.451914,6,12,1,336,2024,0,7474.191388888889,6739.5242708333335,21.672918,5.164580999999998,0.0
2024-12-02,7959.044861111111,11433.04,6051.37,639.6905208333333,15799.26,29.55,19.2,24.356247,0.0,25.925623,0,12,0,337,2024,0,7034.0803472222215,7564.90361111111,23.164581,6.356247,0.0
2024-12-03,8390.521180555555,10015.78,6649.26,365.54934027777773,17499.89,30.3,21.25,25.352083,1.9000001,18.417263,1,12,0,338,2024,0,7959.044861111111,8160.928888888889,24.356247,7.352083,0.0
2024-12-04,7533.514131944444,9422.81,6045.7,110.94458333333334,270.03,23.65,20.15,22.143751,0.2,17.845436,2,12,0,339,2024,0,8390.521180555555,8575.047395833333,25.352083,4.143751000000002,0.0
2024-12-05,7906.251770833333,10096.62,6497.91,129.71534722222222,671.1,24.65,19.8,22.179167,0.2,16.029099,3,12,0,340,2024,0,7533.514131944444,8422.04579861111,22.143751,4.179167,0.0
2024-12-06,8688.770347222222,11505.06,6745.92,358.30805555555554,17499.89,27.4,21.05,24.00625,0.2,13.584932,4,12,0,341,2024,0,7906.251770833333,7956.860833333333,22.179167,6.006250000000001,0.0
2024-12-07,8217.42295138889,10387.67,6801.69,111.74579861111111,4127.15,31.95,22.0,26.527084,11.8,19.95972,5,12,1,342,2024,0,8688.770347222222,7474.191388888889,24.00625,8.527083999999999,0.0
2024-12-08,7201.126111111112,8833.94,5873.5,85.40677083333334,2268.8,27.7,19.1,22.435415,2.1000001,21.457026,6,12,1,343,2024,0,8217.42295138889,7034.0803472222215,26.527084,4.435414999999999,0.0
2024-12-09,7574.711388888889,8847.69,4981.68,149.78243055555555,1071.59,22.05,19.05,20.610415,2.7,20.320877,0,12,0,344,2024,0,7201.126111111112,7959.044861111111,22.435415,2.6104149999999997,0.0
2024-12-10,7025.006354166667,8869.24,5334.01,123.32465277777777,296.95,23.1,19.1,20.943754,0.3,26.165092,1,12,0,345,2024,0,7574.711388888889,8390.521180555555,20.610415,2.9437539999999984,0.0
2024-12-11,7057.539236111112,9075.26,5363.96,118.50829861111112,336.91,23.4,18.45,20.679167,1.1,22.040997,2,12,0,346,2024,0,7025.006354166667,7533.514131944444,20.943754,2.6791669999999996,0.0
2024-12-12,7321.419097222223,10089.88,5382.12,278.1250694444445,9463.19,28.1,17.05,22.287498,0.0,15.546833,3,12,0,347,2024,0,7057.539236111112,7906.251770833333,20.679167,4.287497999999999,0.0
2024-12-13,8164.326840277778,11277.12,6425.8,191.38767361111113,380.85,29.35,19.5,24.035416,0.0,19.620825,4,12,0,348,2024,0,7321.419097222223,8688.770347222222,22.287498,6.0354160000000014,0.0
2024-12-14,7622.039791666666,10323.47,5713.88,172.79555555555555,449.99,26.25,20.6,23.422915,0.0,16.997375,5,12,1,349,2024,0,8164.326840277778,8217.42295138889,24.035416,5.422915,0.0
2024-12-15,7667.435173611111,10534.59,6039.1,143.36913194444443,299.99,26.55,21.15,23.674997,0.5,16.645864,6,12,1,350,2024,0,7622.039791666666,7201.126111111112,23.422915,5.674997000000001,0.0
2024-12-16,8852.909027777778,12529.07,6826.59,168.92822916666668,500.05,28.55,22.0,24.639582,0.4,24.84587,0,12,0,351,2024,0,7667.435173611111,7574.711388888889,23.674997,6.639582000000001,0.0
2024-12-17,8966.856354166666,12549.72,6923.65,175.27184027777778,828.62,33.75,20.35,26.072916,0.0,31.241796,1,12,0,352,2024,0,8852.909027777778,7025.006354166667,24.639582,8.072916,0.0
2024-12-18,7076.456493055555,8322.51,5421.36,101.43430555555557,299.99,21.35,18.75,19.952085,18.900003,31.368582,2,12,0,353,2024,0,8966.856354166666,7057.539236111112,26.072916,1.9520850000000003,0.0
2024-12-19,6512.495243055555,8308.05,4653.2,66.28413194444445,240.09,22.85,17.95,20.197918,0.2,20.696869,3,12,0,354,2024,0,7076.456493055555,7321.419097222223,19.952085,2.1979180000000014,0.0
2024-12-20,6523.119583333333,8801.97,4397.76,85.69972222222222,274.93,23.35,15.55,19.866667,0.0,15.22783,4,12,0,355,2024,0,6512.495243055555,8164.326840277778,20.197918,1.8666669999999996,0.0
2024-12-21,6677.951840277778,9082.2,4561.72,69.7953125,299.99,29.2,16.0,21.925001,0.5,16.85669,5,12,1,356,2024,0,6523.119583333333,7622.039791666666,19.866667,3.9250010000000017,0.0
2024-12-22,6686.970763888889,9255.0,4551.47,54.472743055555554,299.98,25.05,20.0,22.197916,0.2,22.609177,6,12,1,357,2024,0,6677.951840277778,7667.435173611111,21.925001,4.197915999999999,0.0
2024-12-23,6498.4006944444445,8352.11,4616.84,14.557187500000001,100.0,29.1,18.45,23.070833,0.0,21.791153,0,12,0,358,2024,0,6686.970763888889,8852.909027777778,22.197916,5.070833,0.0
2024-12-24,5783.523368055556,7623.28,3477.26,30.642222222222227,100.0,22.7,16.0,19.970833,0.0,22.732082,1,12,0,359,2024,0,6498.4006944444445,8966.856354166666,23.070833,1.970832999999999,0.0
2024-12-25,5551.395173611111,7630.84,3268.88,31.732569444444444,182.22,27.35,16.3,21.53125,0.0,20.690605,2,12,0,360,2024,1,5783.523368055556,7076.456493055555,19.970833,3.53125,0.0
2024-12-26,6280.060069444445,9237.56,4001.05,21.8846875,130.01,27.2,17.0,22.714582,0.0,28.227304,3,12,0,361,2024,1,5551.395173611111,6512.495243055555,21.53125,4.714582,0.0
2024-12-27,7379.782812500001,10292.6,5178.98,39.27319444444444,299.99,35.35,21.05,26.36458,0.8000001,24.012972,4,12,0,362,2024,0,6280.060069444445,6523.119583333333,22.714582,8.36458,0.0
2024-12-28,6254.434722222222,8302.66,4428.34,32.534166666666664,135.03,24.2,18.75,21.514585,0.9000001,20.170443,5,12,1,363,2024,0,7379.782812500001,6677.951840277778,26.36458,3.5145850000000003,0.0
2024-12-29,6071.147222222222,8533.7,3802.54,36.909444444444446,125.69,28.05,17.1,22.377083,0.0,17.727943,6,12,1,364,2024,0,6254.434722222222,6686.970763888889,21.514585,4.377082999999999,0.0
2024-12-30,6785.5782291666665,8969.59,5232.52,74.20354166666667,173.38,25.75,19.9,22.625,0.3,18.252037,0,12,0,365,2024,0,6071.147222222222,6498.4006944444445,22.377083,4.625,0.0
2024-12-31,6944.823993055556,8433.76,5467.57,76.85184027777778,590.91,26.65,18.9,23.156248,0.0,14.934577,1,12,0,366,2024,0,6785.5782291666665,5783.523368055556,22.625,5.1562480000000015,0.0
2025-01-01,6775.977013888889,9434.59,4534.57,68.46506944444444,1510.0,28.75,19.75,24.429169,0.0,21.794127,2,1,0,1,2025,1,6944.823993055556,5551.395173611111,23.156248,6.429169000000002,0.0
2025-01-02,6996.438159722222,8012.66,6219.28,57.49736111111112,105.74,22.65,20.05,21.329165,2.9999998,25.344229,3,1,0,2,2025,0,6775.977013888889,6280.060069444445,24.429169,3.3291649999999997,0.0
2025-01-03,6718.043784722223,8213.75,5483.67,59.25944444444445,299.99,23.35,18.15,21.016666,2.9,16.244936,4,1,0,3,2025,0,6996.438159722222,7379.782812500001,21.329165,3.0166660000000007,0.0
2025-01-04,6624.8075,8959.56,4429.12,62.26305555555555,165.75,27.35,18.7,23.40625,0.0,20.665535,5,1,1,4,2025,0,6718.043784722223,6254.434722222222,21.016666,5.40625,0.0
2025-01-05,7140.296388888889,9910.58,4727.66,74.53725694444444,207.07,30.05,19.85,25.025,0.0,17.826363,6,1,1,5,2025,0,6624.8075,6071.147222222222,23.40625,7.024999999999999,0.0
2025-01-06,8228.387395833333,10906.78,6419.02,87.43875,299.99,31.45,20.7,26.133333,2.6999998,17.594023,0,1,0,6,2025,0,7140.296388888889,6785.5782291666665,25.025,8.133333,0.0
2025-01-07,7438.303819444444,8087.54,6553.74,66.59607638888889,299.99,21.45,18.55,20.381248,16.499998,27.047956,1,1,0,7,2025,0,8228.387395833333,6944.823993055556,26.133333,2.3812479999999994,0.0
2025-01-08,6988.969756944444,8088.2,6007.77,58.74916666666666,130.71,19.95,17.5,18.485416,37.100002,27.59876,2,1,0,8,2025,0,7438.303819444444,6775.977013888889,20.381248,0.48541600000000074,0.0
2025-01-09,6916.916180555556,8462.67,5880.59,93.00559027777778,299.99,22.55,18.0,20.547915,7.0,20.674158,3,1,0,9,2025,0,6988.969756944444,6996.438159722222,18.485416,2.5479149999999997,0.0
2025-01-10,7301.003784722222,8494.71,6297.45,96.89697916666665,196.73,24.0,19.55,20.925001,14.2,15.070633,4,1,0,10,2025,0,6916.916180555556,6718.043784722223,20.547915,2.9250010000000017,0.0
2025-01-11,6867.817048611111,8327.0,5755.32,95.15361111111112,168.92,23.3,19.55,21.487497,15.1,16.740969,5,1,1,11,2025,0,7301.003784722222,6624.8075,20.925001,3.487497000000001,0.0
2025-01-12,6733.587777777778,8778.67,4872.74,89.6342013888889,213.53,25.0,20.2,22.716667,3.0,19.54389,6,1,1,12,2025,0,6867.817048611111,7140.296388888889,21.487497,4.716667000000001,0.0
2025-01-13,7771.787499999999,10667.22,5892.19,119.03930555555556,376.62,27.55,20.75,23.597916,0.0,17.414474,0,1,0,13,2025,0,6733.587777777778,8228.387395833333,22.716667,5.5979160000000014,0.0
2025-01-14,8316.421666666667,11246.05,6668.98,132.08645833333333,1051.71,27.85,20.95,24.206247,0.1,14.383114,1,1,0,14,2025,0,7771.787499999999,7438.303819444444,23.597916,6.206247000000001,0.0
2025-01-15,8434.913576388888,11702.58,6862.48,277.13177083333335,17500.0,28.2,20.95,24.733332,3.1000001,22.370024,2,1,0,15,2025,0,8316.421666666667,6988.969756944444,24.206247,6.733332000000001,0.0
2025-01-16,7217.631423611111,8134.13,6062.28,76.66090277777778,230.54,21.55,17.5,19.854164,26.6,31.320517,3,1,0,16,2025,0,8434.913576388888,6916.916180555556,24.733332,1.8541640000000008,0.0
2025-01-17,6961.924444444445,7865.63,6130.32,39.468159722222225,122.69,21.2,16.95,19.270834,5.2,44.362244,4,1,0,17,2025,0,7217.631423611111,7301.003784722222,19.854164,1.2708340000000007,0.0
2025-01-18,6447.023680555556,7810.1,5118.72,14.565104166666666,112.38,24.2,18.6,21.0375,16.699999,36.54044,5,1,1,18,2025,0,6961.924444444445,6867.817048611111,19.270834,3.0375000000000014,0.0
2025-01-19,6018.116006944444,7900.97,4188.12,30.32739583333333,225.63,21.2,18.1,19.454168,2.7,24.72364,6,1,1,19,2025,0,6447.023680555556,6733.587777777778,21.0375,1.4541679999999992,0.0
2025-01-20,6376.6378125,8506.51,4312.16,71.07430555555555,299.98,22.25,15.1,18.970833,0.0,13.369771,0,1,0,20,2025,0,6018.116006944444,7771.787499999999,19.454168,0.970832999999999,0.0
2025-01-21,6949.2096875,9419.54,4768.13,98.21690972222223,299.99,24.1,14.75,20.033335,0.0,14.941085,1,1,0,21,2025,0,6376.6378125,8316.421666666667,18.970833,2.033335000000001,0.0
2025-01-22,7755.125833333334,9542.72,6244.79,248.89791666666667,15592.53,31.85,18.4,22.797915,0.7,32.232563,2,1,0,22,2025,0,6949.2096875,8434.913576388888,20.033335,4.797915,0.0
2025-01-23,7238.916944444445,8781.47,5884.15,57.630763888888886,160.02,22.75,19.55,21.079165,0.0,21.457026,3,1,0,23,2025,0,7755.125833333334,7217.631423611111,22.797915,3.0791649999999997,0.0
2025-01-24,6868.1495138888895,8445.39,5131.78,77.31222222222222,293.21,22.95,17.45,20.202085,3.8000002,25.742516,4,1,0,24,2025,0,7238.916944444445,6961.924444444445,21.079165,2.2020850000000003,0.0
2025-01-25,6469.448055555556,8571.9,4285.51,38.49548611111111,131.71,24.15,16.9,20.754166,0.2,19.66536,5,1,1,25,2025,0,6868.1495138888895,6447.023680555556,20.202085,2.7541660000000014,0.0
2025-01-26,6814.081354166667,9034.33,5285.05,39.04677083333333,95.1,25.35,17.75,22.304167,0.6,20.79448,6,1,1,26,2025,1,6469.448055555556,6018.116006944444,20.754166,4.304167,0.0
2025-01-27,7968.189444444444,12128.62,6091.59,62.3753125,281.1,29.35,22.15,25.810415,0.0,20.834173,0,1,0,27,2025,0,6814.081354166667,6376.6378125,22.304167,7.810414999999999,0.0
2025-01-28,9075.372465277778,12078.8,6885.91,69.7828125,161.43,36.75,21.1,27.104164,0.8000001,31.21949,1,1,0,28,2025,0,7968.189444444444,6949.2096875,25.810415,9.104164,0.0
2025-01-29,7504.860347222221,9156.74,6409.42,78.57791666666667,706.91,23.35,19.95,21.5,12.200001,17.640919,2,1,0,29,2025,0,9075.372465277778,7755.125833333334,27.104164,3.5,0.0
2025-01-30,7722.807916666668,9385.95,6168.56,75.23763888888888,205.76,23.45,20.2,21.725,12.799999,16.237955,3,1,0,30,2025,0,7504.860347222221,7238.916944444445,21.5,3.7250000000000014,0.0
2025-01-31,7492.564965277777,9661.75,6258.91,68.23694444444445,156.39,23.4,21.2,22.15625,1.5000001,18.329973,4,1,0,31,2025,0,7722.807916666668,6868.1495138888895,21.725,4.15625,0.0
2025-02-01,7035.094652777778,8674.47,5808.45,85.47250000000001,299.99,25.05,20.95,22.80625,0.8,17.169018,5,2,1,32,2025,0,7492.564965277777,6469.448055555556,22.15625,4.806249999999999,0.0
2025-02-02,6843.860590277778,9247.88,5193.17,66.16944444444444,292.74,26.15,19.55,22.854164,0.4,14.892213,6,2,1,33,2025,0,7035.094652777778,6814.081354166667,22.80625,4.854164000000001,0.0
2025-02-03,8031.336805555556,10940.4,6343.54,119.0604861111111,499.96,27.95,19.8,23.987501,0.4,19.914215,0,2,0,34,2025,0,6843.860590277778,7968.189444444444,22.854164,5.987501000000002,0.0
2025-02-04,8602.966006944444,11956.06,6557.8,172.0387847222222,5641.08,29.9,20.4,25.622917,0.0,19.134262,1,2,0,35,2025,0,8031.336805555556,9075.372465277778,23.987501,7.622917000000001,0.0
2025-02-05,8756.599201388888,10760.41,7030.08,269.96430555555554,17500.0,30.3,21.4,24.704168,0.0,30.086395,2,2,0,36,2025,0,8602.966006944444,7504.860347222221,25.622917,6.704167999999999,0.0
2025-02-06,8198.318993055556,11276.23,6561.71,153.6646875,503.59,27.3,21.65,24.06458,1.8000002,15.561414,3,2,0,37,2025,0,8756.599201388888,7722.807916666668,24.704168,6.064579999999999,0.0
2025-02-07,8375.535833333333,11505.77,6714.86,133.8270486111111,578.57,29.25,20.65,24.875,0.0,22.825958,4,2,0,38,2025,0,8198.318993055556,7492.564965277777,24.06458,6.875,0.0
2025-02-08,7510.203576388889,9623.78,6377.63,144.71524305555556,17500.0,28.5,20.6,24.410416,3.6,18.360882,5,2,1,39,2025,0,8375.535833333333,7035.094652777778,24.875,6.4104160000000014,0.0
2025-02-09,7213.2169791666665,9945.88,5679.25,42.99659722222222,116.35,25.6,21.2,23.210413,3.0000002,14.33347,6,2,1,40,2025,0,7510.203576388889,6843.860590277778,24.410416,5.210412999999999,0.0
2025-02-10,7760.463541666667,9187.04,6524.04,97.18152777777777,520.9,22.55,19.9,21.44375,15.100001,16.084589,0,2,0,41,2025,0,7213.2169791666665,8031.336805555556,23.210413,3.4437500000000014,0.0
2025-02-11,7437.535659722223,9093.48,6057.66,97.90607638888889,299.99,25.15,19.25,21.793749,0.8,13.026081,1,2,0,42,2025,0,7760.463541666667,8602.966006944444,21.44375,3.7937489999999983,0.0
2025-02-12,7573.95142361111,9919.63,6198.86,109.75340277777778,299.99,25.95,19.0,22.337502,2.3000002,17.339897,2,2,0,43,2025,0,7437.535659722223,8756.599201388888,21.793749,4.337502000000001,0.0
2025-02-13,8139.985868055556,10865.85,6512.04,84.43190972222222,299.49,26.3,21.0,23.933334,3.3999996,27.75154,3,2,0,44,2025,0,7573.95142361111,8198.318993055556,22.337502,5.9333339999999986,0.0
2025-02-14,8273.807465277778,9591.16,6977.33,106.7479513888889,265.53,28.05,21.2,23.529167,5.2,15.503006,4,2,0,45,2025,0,8139.985868055556,8375.535833333333,23.933334,5.529167000000001,0.0
2025-02-15,6603.588958333334,8539.64,4433.04,58.80520833333334,276.32,24.65,18.65,21.716665,12.000001,16.87398,5,2,1,46,2025,0,8273.807465277778,7510.203576388889,23.529167,3.716664999999999,0.0
2025-02-16,5485.598229166667,7817.55,2532.25,40.935208333333335,221.05,20.6,15.55,18.350002,0.0,23.063892,6,2,1,47,2025,0,6603.588958333334,7213.2169791666665,21.716665,0.3500019999999999,0.0
2025-02-17,6151.692430555555,8254.65,3860.04,56.61666666666667,245.04,21.6,13.85,18.235416,0.0,18.272438,0,2,0,48,2025,0,5485.598229166667,7760.463541666667,18.350002,0.23541600000000074,0.0
2025-02-18,6562.034930555556,8803.67,4375.32,65.48128472222223,259.38,25.45,13.75,19.583334,0.0,15.379206,1,2,0,49,2025,0,6151.692430555555,7437.535659722223,18.235416,1.5833340000000007,0.0
2025-02-19,6889.713819444445,9089.72,5328.35,65.89611111111111,160.01,24.85,17.9,21.400002,2.4,17.47484,2,2,0,50,2025,0,6562.034930555556,7573.95142361111,19.583334,3.4000020000000006,0.0
2025-02-20,7181.177569444444,8691.16,6009.36,30.830798611111113,113.11,21.75,19.0,20.554167,2.4999998,23.516708,3,2,0,51,2025,0,6889.713819444445,8139.985868055556,21.400002,2.5541669999999996,0.0
2025-02-21,7057.302708333333,8580.08,5884.4,39.966145833333336,167.87,23.0,19.1,20.647917,7.2,14.48972,4,2,0,52,2025,0,7181.177569444444,8273.807465277778,20.554167,2.6479169999999996,0.0
2025-02-22,6721.888298611111,9042.72,4743.34,34.779201388888886,153.87,25.7,19.2,22.237497,1.5000001,20.605871,5,2,1,53,2025,0,7057.302708333333,6603.588958333334,20.647917,4.237497000000001,0.0
2025-02-23,6828.606979166667,9275.89,4416.1,45.359097222222225,299.98,27.6,18.25,22.964582,0.0,23.555254,6,2,1,54,2025,0,6721.888298611111,5485.598229166667,22.237497,4.964582,0.0
2025-02-24,7721.346111111112,10003.52,6368.57,61.37881944444444,296.23,26.35,19.4,23.166666,0.0,20.518421,0,2,0,55,2025,0,6828.606979166667,6151.692430555555,22.964582,5.166665999999999,0.0
2025-02-25,7804.903888888888,9048.17,6630.67,64.87579861111111,135.4,23.55,21.4,22.318754,1.2,19.09782,1,2,0,56,2025,0,7721.346111111112,6562.034930555556,23.166666,4.318753999999998,0.0
2025-02-26,7793.705,10445.46,6327.83,65.00916666666666,254.74,26.1,19.35,22.702082,2.3000002,18.927406,2,2,0,57,2025,0,7804.903888888888,6889.713819444445,22.318754,4.702082000000001,0.0
2025-02-27,8408.187569444444,11224.86,6929.43,110.44197916666667,299.99,28.1,20.05,24.083334,0.3,19.72869,3,2,0,58,2025,0,7793.705,7181.177569444444,22.702082,6.083334000000001,0.0
2025-02-28,8848.676770833334,12210.48,6957.86,104.74809027777778,363.2,32.65,20.6,25.939583,0.0,21.660664,4,2,0,59,2025,0,8408.187569444444,7057.302708333333,24.083334,7.939582999999999,0.0
2025-03-01,8157.164340277778,11631.84,6023.48,86.20121527777778,299.49,29.25,20.7,24.516665,0.0,18.079027,5,3,1,60,2025,0,8848.676770833334,6721.888298611111,25.939583,6.516665,0.0
2025-03-02,7493.0597916666675,9327.7,6213.09,45.52708333333333,120.0,26.5,20.5,23.470833,1.6000001,22.608458,6,3,1,61,2025,0,8157.164340277778,6828.606979166667,24.516665,5.470832999999999,0.0
2025-03-03,7642.164791666666,9011.1,6447.69,68.67072916666666,278.24,23.7,20.95,22.195837,1.7000002,25.6233,0,3,0,62,2025,0,7493.0597916666675,7721.346111111112,23.470833,4.195837000000001,0.0
2025-03-04,7387.577013888889,9037.53,6152.37,83.64534722222223,299.99,24.1,20.15,21.724998,11.600002,22.543158,1,3,0,63,2025,0,7642.164791666666,7804.903888888888,22.195837,3.7249979999999994,0.0
2025-03-05,7377.314166666667,9209.22,5920.13,88.37076388888889,524.96,25.25,20.05,22.412498,6.9999995,18.508516,2,3,0,64,2025,0,7387.577013888889,7793.705,21.724998,4.412497999999999,0.0
2025-03-06,7558.186250000001,9279.16,6449.69,66.29472222222222,391.59,24.8,20.5,22.1625,2.3,21.809732,3,3,0,65,2025,0,7377.314166666667,8408.187569444444,22.412498,4.162500000000001,0.0
2025-03-07,7478.372361111112,8737.17,6270.65,46.385,171.83,24.3,20.4,22.025,1.5000001,20.406792,4,3,0,66,2025,0,7558.186250000001,8848.676770833334,22.1625,4.024999999999999,0.0
2025-03-08,7045.034791666667,8469.14,6060.82,37.305347222222224,108.89,24.6,20.2,22.258333,1.8000002,19.759048,5,3,1,67,2025,0,7478.372361111112,8157.164340277778,22.025,4.258333,0.0
2025-03-09,7195.218194444445,9161.38,5687.44,48.05677083333333,130.1,26.05,20.1,22.831247,1.2000002,18.624563,6,3,1,68,2025,0,7045.034791666667,7493.0597916666675,22.258333,4.831247000000001,0.0
2025-03-10,7937.8665972222225,9240.69,6322.82,74.99434027777778,106.85,25.0,20.25,22.206247,1.2,17.52298,0,3,0,69,2025,0,7195.218194444445,7642.164791666666,22.831247,4.206247000000001,0.0
2025-03-11,7845.029062500001,9205.44,6482.82,82.00336805555555,283.67,24.45,19.95,21.84375,2.1,13.210087,1,3,0,70,2025,0,7937.8665972222225,7387.577013888889,22.206247,3.84375,0.0
2025-03-12,7697.514618055556,9480.95,6480.31,93.5575,299.99,24.9,19.35,21.760416,0.6,10.7714615,2,3,0,71,2025,0,7845.029062500001,7377.314166666667,21.84375,3.7604159999999993,0.0
2025-03-13,7932.5114583333325,11107.8,6038.69,161.59340277777778,14028.0,26.9,18.7,22.449999,0.0,15.717823,3,3,0,72,2025,0,7697.514618055556,7558.186250000001,21.760416,4.449998999999998,0.0
2025-03-14,8649.541458333333,12246.45,6779.8,112.0765625,590.91,29.05,18.4,23.691666,0.0,17.483181,4,3,0,73,2025,0,7932.5114583333325,7478.372361111112,22.449999,5.6916660000000014,0.0
2025-03-15,8554.11125,12152.1,6474.38,391.97895833333337,17480.0,30.65,21.85,25.675001,0.0,17.932373,5,3,1,74,2025,0,8649.541458333333,7045.034791666667,23.691666,7.675001000000002,0.0
2025-03-16,8689.02826388889,12157.6,6802.88,54.9340625,159.81,37.5,23.85,30.27917,0.0,20.768755,6,3,1,75,2025,0,8554.11125,7195.218194444445,25.675001,12.27917,0.0
2025-03-17,6823.75125,8605.51,4537.33,52.22152777777777,176.57,22.95,17.4,19.616665,0.0,31.077509,0,3,0,76,2025,0,8689.02826388889,7937.8665972222225,30.27917,1.6166650000000011,0.0
2025-03-18,6961.197430555556,8706.39,5416.41,77.6928125,165.3,23.7,16.0,20.170835,0.0,13.752047,1,3,0,77,2025,0,6823.75125,7845.029062500001,19.616665,2.1708350000000003,0.0
2025-03-19,7292.3403124999995,9664.84,5126.11,105.51729166666667,299.99,25.95,18.7,22.691666,0.0,24.318659,2,3,0,78,2025,0,6961.197430555556,7697.514618055556,20.170835,4.6916660000000014,0.0
2025-03-20,7931.002187499999,10831.16,6206.66,95.07871527777777,299.98,28.7,19.8,23.737501,0.0,19.983242,3,3,0,79,2025,0,7292.3403124999995,7932.5114583333325,22.691666,5.737501000000002,0.0
2025-03-21,7888.127777777777,9407.25,6547.07,124.0076736111111,994.0,26.25,19.95,22.356247,4.4999995,12.241323,4,3,0,80,2025,0,7931.002187499999,8649.541458333333,23.737501,4.356247,0.0
2025-03-22,7012.8336805555555,8735.65,5025.04,107.76100694444443,843.72,23.6,19.6,21.614584,1.6000001,15.034041,5,3,1,81,2025,0,7888.127777777777,8554.11125,22.356247,3.6145840000000007,0.0
2025-03-23,7188.753680555556,8664.32,6200.24,84.67840277777778,171.04,22.55,20.4,21.479166,3.7,12.061343,6,3,1,82,2025,0,7012.8336805555555,8689.02826388889,21.614584,3.4791659999999993,0.0
2025-03-24,7750.958541666667,9290.88,6173.26,97.49624999999999,800.61,24.15,19.95,22.131248,0.5,12.57426,0,3,0,83,2025,0,7188.753680555556,6823.75125,21.479166,4.131247999999999,0.0
2025-03-25,7724.426006944444,9283.91,6378.46,89.50961805555556,186.92,23.5,20.9,22.089584,1.5000001,13.413321,1,3,0,84,2025,0,7750.958541666667,6961.197430555556,22.131248,4.0895839999999986,0.0
2025-03-26,7594.9307638888895,9537.31,6403.05,73.98267361111111,225.99,25.35,19.3,22.095833,0.4,13.37825,2,3,0,85,2025,0,7724.426006944444,7292.3403124999995,22.089584,4.095832999999999,0.0
2025-03-27,7535.883784722221,9138.95,6242.45,76.2017361111111,157.31,24.7,17.8,21.3125,0.9,12.522619,3,3,0,86,2025,0,7594.9307638888895,7931.002187499999,22.095833,3.3125,0.0
2025-03-28,7698.484687499999,8891.81,6384.9,89.79958333333333,155.04,24.4,19.55,21.889582,5.1999993,18.4243,4,3,0,87,2025,0,7535.883784722221,7888.127777777777,21.3125,3.8895820000000008,0.0
2025-03-29,7353.749618055556,8219.08,6297.18,77.530625,130.64,21.3,19.05,20.131248,49.499996,26.323114,5,3,1,88,2025,0,7698.484687499999,7012.8336805555555,21.889582,2.1312479999999994,0.0
2025-03-30,6606.719444444444,8440.79,5022.18,39.67072916666667,160.31,22.9,19.3,20.90625,8.500001,32.957207,6,3,1,89,2025,0,7353.749618055556,7188.753680555556,20.131248,2.90625,0.0
2025-03-31,7117.477361111111,8790.38,5996.65,56.23736111111111,122.39,22.1,17.75,19.479166,4.099999,32.971455,0,3,0,90,2025,0,6606.719444444444,7750.958541666667,20.90625,1.4791659999999993,0.0
2025-04-01,7038.062013888889,8545.74,5726.35,75.26868055555556,197.99,21.4,17.0,18.854166,0.5,22.491358,1,4,0,91,2025,0,7117.477361111111,7724.426006944444,19.479166,0.8541659999999993,0.0
2025-04-02,6940.276597222222,8541.35,5176.91,119.05604166666666,299.99,21.8,14.5,17.560415,0.0,11.53265,2,4,0,92,2025,0,7038.062013888889,7594.9307638888895,18.854166,0.0,0.439585000000001
2025-04-03,6804.330104166667,8778.11,4816.77,101.56878472222223,500.0,24.85,13.65,18.620836,0.0,14.973577,3,4,0,93,2025,0,6940.276597222222,7535.883784722221,17.560415,0.6208360000000006,0.0
2025-04-04,6900.904861111111,8553.83,5156.48,119.23656249999999,2437.82,23.1,14.95,19.283335,0.6,13.358861,4,4,0,94,2025,0,6804.330104166667,7698.484687499999,18.620836,1.283335000000001,0.0
2025-04-05,6030.376701388889,7989.1,3490.99,87.57385416666666,293.34,24.3,14.85,18.643751,0.0,16.474672,5,4,1,95,2025,0,6900.904861111111,7353.749618055556,19.283335,0.6437510000000017,0.0
2025-04-06,6074.845243055555,8347.28,3619.78,74.63920138888889,320.49,24.85,13.85,18.525,0.2,15.9134655,6,4,1,96,2025,0,6030.376701388889,6606.719444444444,18.643751,0.5249999999999986,0.0
2025-04-07,6561.484201388888,8681.32,4402.9,213.5528125,11375.93,25.3,13.3,18.870832,0.0,15.496736,0,4,0,97,2025,0,6074.845243055555,7117.477361111111,18.525,0.870832,0.0
2025-04-08,6987.088402777777,8850.51,5710.55,132.15239583333334,919.99,20.95,15.3,18.056253,5.0000005,10.185519,1,4,0,98,2025,0,6561.484201388888,7038.062013888889,18.870832,0.05625300000000166,0.0
2025-04-09,6914.785659722223,8813.76,5440.79,311.1091666666667,17498.96,22.05,14.85,18.616667,1.5,13.369771,2,4,0,99,2025,0,6987.088402777777,6940.276597222222,18.056253,0.6166669999999996,0.0
2025-04-10,7088.398958333333,9002.36,5908.59,117.56038194444444,1208.6,23.8,14.4,19.41875,0.0,11.656998,3,4,0,100,2025,0,6914.785659722223,6804.330104166667,18.616667,1.4187499999999993,0.0
2025-04-11,6956.404513888889,8872.1,5277.63,95.84225694444444,423.52,27.1,14.45,20.2625,0.0,11.440978,4,4,0,101,2025,0,7088.398958333333,6900.904861111111,19.41875,2.2624999999999993,0.0
2025-04-12,6595.950625,8393.08,5099.22,91.1225,1099.59,23.95,18.65,20.9375,0.2,16.13286,5,4,1,102,2025,0,6956.404513888889,6030.376701388889,20.2625,2.9375,0.0
2025-04-13,6400.557777777777,8577.14,4549.35,72.29982638888889,230.29,25.3,16.15,20.31875,0.0,13.752047,6,4,1,103,2025,0,6595.950625,6074.845243055555,20.9375,2.3187500000000014,0.0
2025-04-14,6987.231493055555,9184.11,5400.29,87.53083333333333,455.27,27.05,16.2,20.958334,0.3,23.946089,0,4,0,104,2025,0,6400.557777777777,6561.484201388888,20.31875,2.9583340000000007,0.0
2025-04-15,7016.414861111111,8766.74,5393.37,94.70399305555556,299.98,21.8,17.3,19.631252,1.3,23.276442,1,4,0,105,2025,0,6987.231493055555,6987.088402777777,20.958334,1.631252,0.0
2025-04-16,6924.6329166666665,8702.66,5656.57,112.9545138888889,302.3,21.55,16.1,18.491667,1.1000001,24.536182,2,4,0,106,2025,0,7016.414861111111,6914.785659722223,19.631252,0.49166699999999963,0.0
2025-04-17,6862.291736111111,8642.26,5400.53,136.30253472222222,299.99,21.85,16.35,18.866669,2.2,21.707731,3,4,0,107,2025,0,6924.6329166666665,7088.398958333333,18.491667,0.8666690000000017,0.0
2025-04-18,5987.739513888889,8009.66,3651.42,93.49888888888889,299.99,23.2,14.2,18.139582,0.0,13.276144,4,4,0,108,2025,0,6862.291736111111,6956.404513888889,18.866669,0.13958200000000076,0.0
2025-04-19,6146.3528125,8312.07,3980.25,72.93270833333332,212.72,27.8,13.15,19.69792,0.0,13.976394,5,4,1,109,2025,0,5987.739513888889,6595.950625,18.139582,1.6979199999999999,0.0
2025-04-20,6055.129131944444,8178.98,3810.65,49.64409722222222,141.83,28.05,15.05,21.291666,0.0,16.529644,6,4,1,110,2025,0,6146.3528125,6400.557777777777,19.69792,3.2916659999999993,0.0
2025-04-21,6410.6990625,8459.61,4760.05,52.314791666666665,118.87,25.75,16.2,20.168749,2.5,16.276815,0,4,0,111,2025,0,6055.129131944444,6987.231493055555,21.291666,2.1687489999999983,0.0
2025-04-22,7035.590868055555,8988.48,5874.1,69.04034722222222,479.77,21.1,15.3,18.435417,17.3,26.295406,1,4,0,112,2025,0,6410.6990625,7016.414861111111,20.168749,0.43541700000000105,0.0
2025-04-23,7117.526006944445,8911.88,5943.36,67.0553125,199.15,23.1,19.0,20.404165,8.600001,19.523983,2,4,0,113,2025,0,7035.590868055555,6924.6329166666665,18.435417,2.404164999999999,0.0
2025-04-24,7033.904583333333,8880.76,5417.02,75.99927083333334,166.86,22.8,17.05,19.749998,0.8000001,13.510796,3,4,0,114,2025,0,7117.526006944445,6862.291736111111,20.404165,1.7499980000000015,0.0
2025-04-25,6550.2399652777785,8140.35,4978.91,88.26170138888888,159.97,21.95,15.4,18.910416,2.3,10.9859,4,4,0,115,2025,1,7033.904583333333,5987.739513888889,19.749998,0.9104160000000014,0.0
2025-04-26,6832.900972222222,8580.67,5634.69,105.93878472222222,163.99,22.7,14.6,18.689583,4.3,14.687382,5,4,1,116,2025,0,6550.2399652777785,6146.3528125,18.910416,0.689582999999999,0.0
2025-04-27,7112.490069444444,8704.32,5943.53,116.97288194444445,345.87,20.4,17.55,18.579163,27.7,25.31097,6,4,1,117,2025,0,6832.900972222222,6055.129131944444,18.689583,0.5791630000000012,0.0
2025-04-28,7308.035173611111,9251.49,6041.37,107.52993055555555,249.89,20.6,16.85,18.460419,5.4999995,23.087763,0,4,0,118,2025,0,7112.490069444444,6410.6990625,18.579163,0.4604190000000017,0.0
2025-04-29,7261.0171875,9274.18,5684.58,88.81118055555555,217.44,20.6,14.35,17.114584,4.1,14.120538,1,4,0,119,2025,0,7308.035173611111,7035.590868055555,18.460419,0.0,0.8854159999999993
2025-04-30,7580.979444444445,9602.15,6182.63,91.41940972222223,248.22,17.3,13.1,15.435416,14.400002,24.467422,2,4,0,120,2025,0,7261.0171875,7117.526006944445,17.114584,0.0,2.564584
2025-05-01,7421.458784722222,9634.06,5697.79,74.57722222222223,261.19,18.25,12.8,15.029167,8.200001,25.277023,3,5,0,121,2025,0,7580.979444444445,7033.904583333333,15.435416,0.0,2.9708330000000007
2025-05-02,7585.828368055555,9445.69,6209.52,100.31815972222222,299.99,18.15,12.7,15.472916,7.7999988,17.34083,4,5,0,122,2025,0,7421.458784722222,6550.2399652777785,15.029167,0.0,2.5270840000000003
2025-05-03,6950.194548611111,8808.6,4963.19,49.26746527777778,134.56,20.6,12.8,16.104166,0.1,10.805998,5,5,1,123,2025,0,7585.828368055555,6832.900972222222,15.472916,0.0,1.8958340000000007
2025-05-04,6760.992222222222,8968.78,4542.08,53.253888888888895,299.98,21.0,10.85,15.9729185,0.1,12.815443,6,5,1,124,2025,0,6950.194548611111,7112.490069444444,16.104166,0.0,2.0270814999999995
2025-05-05,7239.476909722222,9398.66,5566.65,76.99059027777778,299.99,22.9,14.45,17.839584,0.3,13.729647,0,5,0,125,2025,0,6760.992222222222,7308.035173611111,15.9729185,0.0,0.16041600000000145
2025-05-06,7166.2210069444445,9202.67,5733.84,64.98635416666667,276.46,23.15,13.5,18.014582,0.0,13.527572,1,5,0,126,2025,0,7239.476909722222,7261.0171875,17.839584,0.014582000000000761,0.0
2025-05-07,7095.7325,9086.33,5389.29,51.13635416666667,303.25,25.55,13.3,19.072916,0.0,15.198012,2,5,0,127,2025,0,7166.2210069444445,7580.979444444445,18.014582,1.0729159999999993,0.0
2025-05-08,7439.395381944445,9548.35,6199.47,85.5640625,299.99,18.25,14.05,16.639584,1.1,21.547436,3,5,0,128,2025,0,7095.7325,7421.458784722222,19.072916,0.0,1.3604160000000007
2025-05-09,7558.759652777777,9352.81,6196.86,98.64777777777778,299.98,17.15,12.15,14.818749,1.8000001,12.710091,4,5,0,129,2025,0,7439.395381944445,7585.828368055555,16.639584,0.0,3.1812509999999996
2025-05-10,7037.352326388889,8725.13,5328.39,75.733125,200.68,19.8,11.7,16.004168,0.3,10.182337,5,5,1,130,2025,0,7558.759652777777,6950.194548611111,14.818749,0.0,1.995832
2025-05-11,7034.147430555556,8858.49,5831.7,83.23201388888889,216.56,20.3,13.7,16.872915,2.6999998,11.9466305,6,5,1,131,2025,0,7037.352326388889,6760.992222222222,16.004168,0.0,1.127085000000001
2025-05-12,7568.191805555556,9536.97,6297.97,114.8209375,470.05,20.6,15.45,17.339582,5.8,7.8583965,0,5,0,132,2025,0,7034.147430555556,7239.476909722222,16.872915,0.0,0.660418
2025-05-13,7611.833402777778,9295.18,6369.33,545.4078125000001,17479.99,20.85,14.4,17.125,0.6,8.936778,1,5,0,133,2025,0,7568.191805555556,7166.2210069444445,17.339582,0.0,0.875
2025-05-14,7505.513090277778,9296.17,6068.61,253.1950694444444,10634.77,21.4,13.35,16.741667,0.0,10.028439,2,5,0,134,2025,0,7611.833402777778,7095.7325,17.125,0.0,1.2583330000000004
2025-05-15,7917.225243055556,9725.68,6444.99,147.61177083333334,409.25,18.25,15.5,16.929167,7.7,14.799459,3,5,0,135,2025,0,7505.513090277778,7439.395381944445,16.741667,0.0,1.0708330000000004
2025-05-16,7788.1852430555555,9330.86,6511.49,202.76194444444445,10821.6,19.0,15.35,16.975,8.699999,14.007655,4,5,0,136,2025,0,7917.225243055556,7558.759652777777,16.929167,0.0,1.0249999999999986
2025-05-17,6977.814965277777,8858.58,5114.74,118.04340277777777,359.88,19.8,12.9,15.966666,1.3,14.739132,5,5,1,137,2025,0,7788.1852430555555,7037.352326388889,16.975,0.0,2.033334
2025-05-18,7555.785659722223,9816.57,6217.25,152.44975694444443,14100.0,15.45,12.75,14.108333,3.6,28.988384,6,5,1,138,2025,0,6977.814965277777,7034.147430555556,15.966666,0.0,3.891667
2025-05-19,8381.642361111111,10829.12,6514.58,106.82350694444445,520.26,17.0,13.45,15.722916,19.000002,31.875755,0,5,0,139,2025,0,7555.785659722223,7568.191805555556,14.108333,0.0,2.2770840000000003
2025-05-20,8071.80875,10010.77,6608.77,103.41197916666667,299.99,19.25,15.3,17.358334,1.9,21.06615,1,5,0,140,2025,0,8381.642361111111,7611.833402777778,15.722916,0.0,0.6416660000000007
2025-05-21,8202.017916666668,10053.79,6595.86,129.45513888888888,299.99,19.1,15.85,17.260418,9.3,13.491597,2,5,0,141,2025,0,8071.80875,7505.513090277778,17.358334,0.0,0.7395819999999986
2025-05-22,8401.507465277777,10022.68,6516.59,127.1504513888889,299.99,17.8,15.8,16.970835,45.3,24.485954,3,5,0,142,2025,0,8202.017916666668,7917.225243055556,17.260418,0.0,1.029164999999999
2025-05-23,7971.446631944444,9492.78,6497.85,119.74107638888889,266.89,19.3,14.85,17.697916,53.699997,27.158533,4,5,0,143,2025,0,8401.507465277777,7788.1852430555555,16.970835,0.0,0.3020840000000007
2025-05-24,7026.7330902777785,8974.56,5208.91,41.15708333333333,131.44,20.3,13.2,15.933333,0.0,19.287737,5,5,1,144,2025,0,7971.446631944444,6977.814965277777,17.697916,0.0,2.0666670000000007
2025-05-25,7312.444895833333,9584.45,5914.62,61.00378472222222,151.43,18.65,11.0,14.599999,0.0,14.148046,6,5,1,145,2025,0,7026.7330902777785,7555.785659722223,15.933333,0.0,3.4000009999999996
2025-05-26,8391.518368055556,10729.92,6515.25,81.88100694444444,317.33,19.95,8.2,13.593751,13.499999,23.241617,0,5,0,146,2025,0,7312.444895833333,8381.642361111111,14.599999,0.0,4.406249000000001
2025-05-27,8016.093298611111,10786.23,6106.35,56.63197916666667,129.81,17.5,12.05,14.910415,2.1,26.807312,1,5,0,147,2025,0,8391.518368055556,8071.80875,13.593751,0.0,3.0895849999999996
2025-05-28,7936.634895833334,10432.33,5640.43,249.8193055555556,17460.0,17.8,11.35,13.856251,0.0,25.346148,2,5,0,148,2025,0,8016.093298611111,8202.017916666668,14.910415,0.0,4.143749
2025-05-29,8574.1453125,10662.7,6911.29,132.17305555555555,1048.41,16.75,10.1,13.2458315,0.0,15.922624,3,5,0,149,2025,0,7936.634895833334,8401.507465277777,13.856251,0.0,4.7541685000000005
2025-05-30,8130.446111111111,10104.07,6235.92,125.04729166666668,308.57,18.65,9.2,13.712501,0.1,10.120098,4,5,0,150,2025,0,8574.1453125,7971.446631944444,13.2458315,0.0,4.287499
2025-05-31,7614.769652777778,9544.05,5858.59,130.95979166666666,299.99,18.2,10.55,13.700001,0.3,10.272623,5,5,1,151,2025,0,8130.446111111111,7026.7330902777785,13.712501,0.0,4.299999
2025-06-01,7418.677395833332,9814.08,5389.37,94.02697916666666,500.0,18.75,8.85,13.443748,0.0,9.340941,6,6,1,152,2025,0,7614.769652777778,7312.444895833333,13.700001,0.0,4.556252000000001
2025-06-02,8498.949027777777,10935.71,6763.69,133.08368055555556,299.49,17.25,9.85,13.283334,0.0,6.391901,0,6,0,153,2025,0,7418.677395833332,8391.518368055556,13.443748,0.0,4.716666
2025-06-03,8332.031631944445,10641.47,6608.19,115.66774305555555,299.99,17.2,10.8,13.391667,0.0,16.956345,1,6,0,154,2025,0,8498.949027777777,8016.093298611111,13.283334,0.0,4.608333
2025-06-04,8994.460451388888,11794.03,6906.69,124.16555555555556,310.0,13.6,9.65,11.935416,9.100002,33.358326,2,6,0,155,2025,0,8332.031631944445,7936.634895833334,13.391667,0.0,6.064584
2025-06-05,8871.981041666666,11575.77,6476.76,120.39152777777778,557.11,16.35,7.8,11.233333,0.0,15.99571,3,6,0,156,2025,0,8994.460451388888,8574.1453125,11.935416,0.0,6.766667
2025-06-06,9196.998125,11581.84,7325.86,107.208125,272.26,16.0,5.65,10.4875,0.0,13.130133,4,6,0,157,2025,0,8871.981041666666,8130.446111111111,11.233333,0.0,7.512499999999999
2025-06-07,7904.4953819444445,10149.21,5896.87,50.9421875,152.74,18.15,9.35,12.852082,0.0,20.355923,5,6,1,158,2025,0,9196.998125,7614.769652777778,10.4875,0.0,5.147918000000001
2025-06-08,7983.669236111112,10725.81,6005.88,47.685520833333335,140.0,14.95,8.3,11.5270815,0.0,21.627733,6,6,1,159,2025,0,7904.4953819444445,7418.677395833332,12.852082,0.0,6.4729185000000005
2025-06-09,8861.959722222222,12148.72,6948.06,86.86336805555555,243.68,13.6,6.6,10.037499,0.1,24.957764,0,6,0,160,2025,0,7983.669236111112,8498.949027777777,11.5270815,0.0,7.962501
2025-06-10,8868.391493055555,11775.51,6757.57,132.12809027777777,299.99,16.4,9.95,12.445834,0.0,22.304028,1,6,0,161,2025,0,8861.959722222222,8332.031631944445,10.037499,0.0,5.554166
2025-06-11,9021.82704861111,11545.8,6764.77,526.7990972222223,10500.56,15.5,8.45,11.202083,0.0,19.003431,2,6,0,162,2025,0,8868.391493055555,8994.460451388888,12.445834,0.0,6.797917
2025-06-12,9325.105208333332,11637.16,7345.83,1693.8605902777776,17026.18,15.25,7.1,11.03125,0.0,16.084589,3,6,0,163,2025,0,9021.82704861111,8871.981041666666,11.202083,0.0,6.96875
2025-06-13,9539.37329861111,11934.48,7627.87,210.4563888888889,877.22,14.45,7.4,10.620833,1.4000001,20.833395,4,6,0,164,2025,0,9325.105208333332,9196.998125,11.03125,0.0,7.379167000000001
2025-06-14,8714.95107638889,10999.04,6774.54,92.54951388888888,245.37,15.9,9.25,11.935417,0.8000001,13.18308,5,6,1,165,2025,0,9539.37329861111,7904.4953819444445,10.620833,0.0,6.064583000000001
2025-06-15,8553.565798611111,11262.2,6383.98,116.9492361111111,283.13,16.2,6.4,10.5375,0.9,9.215226,6,6,1,166,2025,0,8714.95107638889,7983.669236111112,11.935417,0.0,7.4625
2025-06-16,9291.643506944445,12342.5,7272.73,120.56611111111111,299.99,15.15,5.85,9.895831,0.0,11.837651,0,6,0,167,2025,0,8553.565798611111,8861.959722222222,10.5375,0.0,8.104169
2025-06-17,9169.58763888889,11871.97,6889.25,136.55277777777778,299.99,17.75,5.95,11.012501,0.0,17.326813,1,6,0,168,2025,0,9291.643506944445,8868.391493055555,9.895831,0.0,6.987499
2025-06-18,9331.253611111111,12137.34,6861.5,267.97593750000004,3607.4,14.8,4.85,9.604167,0.0,15.477906,2,6,0,169,2025,0,9169.58763888889,9021.82704861111,11.012501,0.0,8.395833
2025-06-19,9507.004444444443,12208.16,7022.6,148.37704861111112,299.99,15.75,3.9,9.183333,0.0,10.041354,3,6,0,170,2025,0,9331.253611111111,9325.105208333332,9.604167,0.0,8.816667
2025-06-20,9344.545069444444,11943.81,6871.95,140.00055555555556,299.99,16.05,4.5,9.806251,0.0,10.829959,4,6,0,171,2025,0,9507.004444444443,9539.37329861111,9.183333,0.0,8.193749
2025-06-21,8636.886979166668,10949.67,6079.85,100.03420138888889,216.9,17.15,4.7,10.422916,0.0,9.595874,5,6,1,172,2025,0,9344.545069444444,8714.95107638889,9.806251,0.0,7.577083999999999
2025-06-22,8363.701944444445,11192.5,5822.59,81.02340277777779,197.16,17.35,5.05,10.539584,0.0,9.039514,6,6,1,173,2025,0,8636.886979166668,8553.565798611111,10.422916,0.0,7.460416
2025-06-23,8665.615,11159.26,6896.52,78.99059027777778,276.68,20.65,6.0,13.070832,0.0,15.137133,0,6,0,174,2025,0,8363.701944444445,9291.643506944445,10.539584,0.0,4.929168000000001
2025-06-24,8398.443541666667,10671.31,6773.37,72.16729166666667,162.53,19.7,14.2,16.058332,2.8000002,27.079681,1,6,0,175,2025,0,8665.615,9169.58763888889,13.070832,0.0,1.941668
2025-06-25,8712.297222222223,11885.93,6755.62,83.32479166666667,262.81,15.2,9.45,12.843751,0.0,32.22452,2,6,0,176,2025,0,8398.443541666667,9331.253611111111,16.058332,0.0,5.156249000000001
2025-06-26,9215.516909722222,11795.08,6734.41,1950.2360416666666,16142.05,14.3,6.85,10.685416,0.0,24.988901,3,6,0,177,2025,0,8712.297222222223,9507.004444444443,12.843751,0.0,7.314584
2025-06-27,9514.98642361111,11622.95,7863.45,256.8359027777778,3718.12,14.55,7.4,11.054166,0.0,16.443174,4,6,0,178,2025,0,9215.516909722222,9344.545069444444,10.685416,0.0,6.945834
2025-06-28,8566.684479166666,10654.07,6804.65,174.83496527777777,299.99,16.45,8.1,12.143749,0.0,10.8955765,5,6,1,179,2025,0,9514.98642361111,8636.886979166668,11.054166,0.0,5.856251
2025-06-29,8364.3915625,10948.66,6191.12,194.0515625,334.33,17.4,6.3,11.893749,0.0,10.742848,6,6,1,180,2025,0,8566.684479166666,8363.701944444445,12.143749,0.0,6.106251
2025-06-30,9355.359618055554,11994.46,7392.47,228.4934722222222,993.63,16.35,7.35,11.910417,0.8,18.228943,0,6,0,181,2025,0,8364.3915625,8665.615,11.893749,0.0,6.089582999999999
2025-07-01,10294.881979166666,13159.46,7406.16,184.2845486111111,397.72,12.4,9.75,11.34375,64.700005,39.423695,1,7,0,182,2025,0,9355.359618055554,8398.443541666667,11.910417,0.0,6.65625
2025-07-02,9389.684166666666,11625.32,7367.9,116.07496527777776,290.79,16.45,11.35,13.750003,17.5,33.625328,2,7,0,183,2025,0,10294.881979166666,8712.297222222223,11.34375,0.0,4.2499970000000005
2025-07-03,8669.167743055556,11090.23,6778.9,147.90527777777777,362.56,17.65,11.95,14.150002,2.4,25.558098,3,7,0,184,2025,0,9389.684166666666,9215.516909722222,13.750003,0.0,3.8499979999999994
2025-07-04,8780.224097222223,11097.71,6460.48,140.66100694444447,299.99,16.8,8.95,12.2229185,0.0,17.555305,4,7,0,185,2025,0,8669.167743055556,9514.98642361111,14.150002,0.0,5.7770814999999995
2025-07-05,8459.042916666665,10532.19,6690.7,97.09520833333335,200.01,16.85,5.65,11.414584,0.0,11.855429,5,7,1,186,2025,0,8780.224097222223,8566.684479166666,12.2229185,0.0,6.585416
2025-07-06,7708.093576388889,9849.29,5799.91,91.98385416666666,247.16,20.6,10.8,14.443749,0.0,15.275627,6,7,1,187,2025,0,8459.042916666665,8364.3915625,11.414584,0.0,3.5562509999999996
2025-07-07,8839.278923611111,11462.15,6983.99,111.38222222222223,293.37,15.85,9.45,12.077085,0.0,17.615187,0,7,0,188,2025,0,7708.093576388889,9355.359618055554,14.443749,0.0,5.922915
2025-07-08,9509.889166666668,12070.51,7363.24,98.62833333333333,658.17,15.35,7.25,11.166665,0.0,16.343367,1,7,0,189,2025,0,8839.278923611111,10294.881979166666,12.077085,0.0,6.833335
2025-07-09,8668.752256944445,11067.09,6469.12,84.27302083333333,299.99,18.1,10.0,13.585418,0.0,16.794106,2,7,0,190,2025,0,9509.889166666668,9389.684166666666,11.166665,0.0,4.414581999999999
2025-07-10,8963.269930555556,11981.0,7163.22,67.14333333333333,138.27,14.7,9.75,11.95625,0.2,32.20944,3,7,0,191,2025,0,8668.752256944445,8669.167743055556,13.585418,0.0,6.043749999999999
2025-07-11,8698.782881944446,10999.12,6489.21,65.00170138888889,167.68,16.2,9.25,11.983334,0.0,32.228043,4,7,0,192,2025,0,8963.269930555556,8780.224097222223,11.95625,0.0,6.016666000000001
2025-07-12,7943.961041666666,10213.99,5327.93,82.32083333333334,299.99,17.1,7.6,12.600001,0.0,18.431332,5,7,1,193,2025,0,8698.782881944446,8459.042916666665,11.983334,0.0,5.399998999999999
2025-07-13,8186.313298611111,10768.71,5944.25,59.993333333333325,185.01,17.0,5.2,10.529167,0.0,16.521803,6,7,1,194,2025,0,7943.961041666666,7708.093576388889,12.600001,0.0,7.470833000000001
2025-07-14,8353.089166666667,11378.05,5885.7,74.3651388888889,236.54,16.75,7.35,12.59375,0.0,18.758902,0,7,0,195,2025,0,8186.313298611111,8839.278923611111,10.529167,0.0,5.40625
2025-07-15,9761.569618055555,12339.33,7442.96,118.12680555555555,299.98,12.45,5.6,9.256249,0.0,17.313717,1,7,0,196,2025,0,8353.089166666667,9509.889166666668,12.59375,0.0,8.743751
2025-07-16,8947.281284722221,11653.32,6180.36,99.87388888888889,299.99,15.75,7.0,10.33125,0.0,15.316933,2,7,0,197,2025,0,9761.569618055555,8668.752256944445,9.256249,0.0,7.668749999999999
2025-07-17,9277.564895833333,11947.77,6839.81,104.95145833333333,295.31,15.45,4.25,9.289583,0.0,12.20023,3,7,0,198,2025,0,8947.281284722221,8963.269930555556,10.33125,0.0,8.710417
2025-07-18,9565.073402777778,11735.98,7747.1,124.64770833333334,311.46,14.6,7.15,11.297917,0.5,21.481173,4,7,0,199,2025,0,9277.564895833333,8698.782881944446,9.289583,0.0,6.702083
2025-07-19,8476.673159722222,10831.48,5837.85,82.77628472222221,216.19,16.6,5.8,10.302083,0.0,11.720751,5,7,1,200,2025,0,9565.073402777778,7943.961041666666,11.297917,0.0,7.697917
2025-07-20,8343.655659722222,10952.02,5935.26,79.10086805555555,290.59,16.95,5.5,11.227084,0.1,15.710607,6,7,1,201,2025,0,8476.673159722222,8186.313298611111,10.302083,0.0,6.772916
2025-07-21,8658.803680555555,10967.83,6791.2,66.17965277777779,213.99,17.4,8.55,13.112499,0.4,12.081473,0,7,0,202,2025,0,8343.655659722222,8353.089166666667,11.227084,0.0,4.887501
2025-07-22,8820.017013888888,10992.2,7088.64,61.962083333333325,299.99,18.6,11.6,14.668751,0.4,18.287502,1,7,0,203,2025,0,8658.803680555555,9761.569618055555,13.112499,0.0,3.3312489999999997
2025-07-23,8453.630416666667,11109.38,6582.42,79.84052083333333,282.93,17.4,9.7,13.716667,1.6,16.87398,2,7,0,204,2025,0,8820.017013888888,8947.281284722221,14.668751,0.0,4.283333000000001
2025-07-24,8764.18861111111,11773.89,5865.07,79.18444444444444,300.99,15.7,7.7,10.889585,0.0,20.008356,3,7,0,205,2025,0,8453.630416666667,9277.564895833333,13.716667,0.0,7.110415
2025-07-25,9225.404687499999,11611.41,6990.21,78.1426736111111,299.98,15.75,3.9,10.566667,0.0,19.080849,4,7,0,206,2025,0,8764.18861111111,9565.073402777778,10.889585,0.0,7.433332999999999
2025-07-26,8564.557395833333,10322.0,7046.69,72.41947916666668,131.24,17.75,10.55,13.766666,9.700001,23.315384,5,7,1,207,2025,0,9225.404687499999,8476.673159722222,10.566667,0.0,4.233333999999999
2025-07-27,7987.440138888888,10770.83,6306.78,50.45086805555556,123.49,16.9,11.5,13.518749,0.0,23.44841,6,7,1,208,2025,0,8564.557395833333,8343.655659722222,13.766666,0.0,4.481251
2025-07-28,8603.218680555556,11558.8,6710.57,74.98843749999999,254.5,16.8,11.1,13.187501,0.0,24.11261,0,7,0,209,2025,0,7987.440138888888,8658.803680555555,13.518749,0.0,4.812499000000001
2025-07-29,8922.926249999999,11582.82,7315.05,162.13802083333334,419.05,16.5,10.2,12.945832,0.0,19.881649,1,7,0,210,2025,0,8603.218680555556,8820.017013888888,13.187501,0.0,5.054168000000001
2025-07-30,9877.661944444444,12670.35,7308.58,125.86097222222222,319.96,11.5,9.65,10.7,21.6,22.81957,2,7,0,211,2025,0,8922.926249999999,8453.630416666667,12.945832,0.0,7.300000000000001
2025-07-31,9453.003576388888,12247.2,7575.76,123.49374999999999,300.46,13.65,10.05,11.291667,5.499999,26.405453,3,7,0,212,2025,0,9877.661944444444,8764.18861111111,10.7,0.0,6.708333
2025-08-01,9673.141944444444,12015.0,7638.64,153.47354166666665,424.86,13.1,9.1,10.760417,13.799999,16.992609,4,8,0,213,2025,0,9453.003576388888,9225.404687499999,11.291667,0.0,7.239583
2025-08-02,9196.809409722222,11190.6,7253.74,115.38187500000001,347.69,15.55,11.2,12.885417,21.8,30.927017,5,8,1,214,2025,0,9673.141944444444,8564.557395833333,10.760417,0.0,5.114583
2025-08-03,8275.787499999999,10658.16,6980.53,60.64736111111111,284.85,16.5,13.4,14.631249,19.299997,28.094995,6,8,1,215,2025,0,9196.809409722222,7987.440138888888,12.885417,0.0,3.3687509999999996
2025-08-04,8495.271597222223,10793.43,6952.88,86.33378472222222,356.01,17.85,11.7,14.4875,1.9000002,8.766573,0,8,0,216,2025,0,8275.787499999999,8603.218680555556,14.631249,0.0,3.5124999999999993
2025-08-05,7972.4459027777775,10197.1,5499.0,68.170625,251.22,21.0,9.75,14.360415,0.0,14.383114,1,8,0,217,2025,0,8495.271597222223,8922.926249999999,14.4875,0.0,3.6395850000000003
2025-08-06,8066.013576388889,10719.01,5285.42,119.01187499999999,356.37,17.6,9.3,12.743751,0.0,15.84409,2,8,0,218,2025,0,7972.4459027777775,9877.661944444444,14.360415,0.0,5.256249
2025-08-07,9012.028472222222,11347.67,7435.64,161.92222222222222,499.96,15.05,8.9,12.129167,2.9,18.466455,3,8,0,219,2025,0,8066.013576388889,9453.003576388888,12.743751,0.0,5.870832999999999
2025-08-08,8897.198194444445,11110.24,7403.31,102.99052083333333,231.59,16.0,10.6,13.110419,1.4000001,15.580141,4,8,0,220,2025,0,9012.028472222222,9673.141944444444,12.129167,0.0,4.889581
2025-08-09,8282.6953125,10475.2,6654.61,78.40496527777778,180.2,15.3,11.5,12.945834,11.599998,16.666288,5,8,1,221,2025,0,8897.198194444445,9196.809409722222,13.110419,0.0,5.054166
2025-08-10,8173.753090277778,10839.05,6585.92,76.96048611111111,200.38,14.6,10.55,12.170834,8.500001,19.633205,6,8,1,222,2025,0,8282.6953125,8275.787499999999,12.945834,0.0,5.829166000000001
2025-08-11,8746.371111111112,11508.47,7070.43,90.09413194444444,299.99,14.75,9.7,11.681251,3.2,17.069656,0,8,0,223,2025,0,8173.753090277778,8495.271597222223,12.170834,0.0,6.318749
2025-08-12,8540.98357638889,11358.57,5949.5,104.84899305555555,293.84,15.75,6.55,10.841667,0.8,10.8029995,1,8,0,224,2025,0,8746.371111111112,7972.4459027777775,11.681251,0.0,7.158333000000001
2025-08-13,8680.7834375,11063.42,6352.32,141.36253472222222,299.99,17.25,6.85,11.870833,0.1,13.472372,2,8,0,225,2025,0,8540.98357638889,8066.013576388889,10.841667,0.0,6.129167000000001
2025-08-14,9169.170625,11769.3,7443.45,121.03979166666666,256.2,14.05,11.0,12.283333,10.700001,21.869074,3,8,0,226,2025,0,8680.7834375,9012.028472222222,11.870833,0.0,5.716666999999999
2025-08-15,8324.290486111111,10378.94,6003.16,80.78097222222222,229.1,18.15,9.25,13.412498,2.6,14.174356,4,8,0,227,2025,0,9169.170625,8897.198194444445,12.283333,0.0,4.587502000000001
2025-08-16,7850.979687499999,10234.41,5628.8,75.31506944444445,234.98,17.25,9.5,12.65625,7.7000003,17.71789,5,8,1,228,2025,0,8324.290486111111,8282.6953125,13.412498,0.0,5.34375
2025-08-17,7911.247812500001,11016.91,4801.31,93.93333333333334,308.64,15.75,6.55,10.23125,0.0,17.48596,6,8,1,229,2025,0,7850.979687499999,8173.753090277778,12.65625,0.0,7.768750000000001
2025-08-18,9447.401770833334,12729.23,7226.72,227.1665625,1118.93,13.0,5.9,9.58125,2.6,22.517992,0,8,0,230,2025,0,7911.247812500001,8746.371111111112,10.23125,0.0,8.41875
2025-08-19,9214.8190625,11816.8,7550.98,185.41458333333333,599.99,14.75,9.1,11.697917,17.300001,17.935081,1,8,0,231,2025,0,9447.401770833334,8540.98357638889,9.58125,0.0,6.302083
2025-08-20,9604.363368055556,12061.48,7490.94,124.95517361111109,300.21,14.4,9.45,12.010415,28.900002,15.713702,2,8,0,232,2025,0,9214.8190625,8680.7834375,11.697917,0.0,5.989585
2025-08-21,9525.023715277777,11652.45,7371.6,138.2553125,483.9,15.75,12.45,13.985417,66.6,26.562046,3,8,0,233,2025,0,9604.363368055556,9169.170625,12.010415,0.0,4.014583
2025-08-22,8750.919965277779,10626.25,7326.19,119.06989583333332,299.99,16.5,10.95,13.662501,10.3,10.8955765,4,8,0,234,2025,0,9525.023715277777,8324.290486111111,13.985417,0.0,4.337498999999999
2025-08-23,7370.584201388889,9474.64,4709.18,94.02184027777778,291.83,18.95,11.4,14.835416,0.3,23.885803,5,8,1,235,2025,0,8750.919965277779,7850.979687499999,13.662501,0.0,3.1645839999999996
2025-08-24,7224.862847222223,9864.88,4259.2,93.639375,253.01,18.0,11.2,14.741668,0.0,18.417263,6,8,1,236,2025,0,7370.584201388889,7911.247812500001,14.835416,0.0,3.2583319999999993
2025-08-25,7637.461701388889,9820.56,5272.2,80.27013888888888,253.01,20.2,11.95,15.393748,0.2,15.004919,0,8,0,237,2025,0,7224.862847222223,9447.401770833334,14.741668,0.0,2.6062519999999996
2025-08-26,7216.011284722223,9236.24,4758.67,62.90347222222223,213.82,21.15,11.3,16.6,0.0,23.080746,1,8,0,238,2025,0,7637.461701388889,9214.8190625,15.393748,0.0,1.3999999999999986
2025-08-27,7798.560659722223,9922.69,6402.86,57.94246527777778,309.53,20.95,12.65,16.193748,0.3,22.323627,2,8,0,239,2025,0,7216.011284722223,9604.363368055556,16.6,0.0,1.8062520000000006
2025-08-28,7462.075173611111,10151.52,4703.42,54.32590277777778,242.5,18.15,10.25,13.862498,0.0,24.329315,3,8,0,240,2025,0,7798.560659722223,9525.023715277777,16.193748,0.0,4.137502
2025-08-29,7594.251006944444,9904.63,5200.31,56.71208333333333,249.45,19.3,9.5,14.354167,0.1,24.544107,4,8,0,241,2025,0,7462.075173611111,8750.919965277779,13.862498,0.0,3.6458329999999997
2025-08-30,7360.106979166667,9921.45,4777.27,42.410868055555554,125.39,16.65,9.1,12.420833,0.2,31.479935,5,8,1,242,2025,0,7594.251006944444,7370.584201388889,14.354167,0.0,5.579167
2025-08-31,7038.901979166667,9758.31,3871.04,71.09878472222222,164.98,18.9,6.85,12.247916,0.0,15.192682,6,8,1,243,2025,0,7360.106979166667,7224.862847222223,12.420833,0.0,5.752084
2025-09-01,7715.448541666668,10237.92,5024.26,208.64642361111112,599.99,17.8,8.15,12.683334,0.0,13.78029,0,9,0,244,2025,0,7038.901979166667,7637.461701388889,12.247916,0.0,5.316666
2025-09-02,7715.343437500001,10023.96,5388.89,132.89072916666666,499.96,17.95,9.45,13.962502,0.9,14.81915,1,9,0,245,2025,0,7715.448541666668,7216.011284722223,12.683334,0.0,4.037497999999999
2025-09-03,7464.7025347222225,9921.09,4862.79,65.29649305555556,282.22,20.4,8.9,14.120834,0.0,14.264361,2,9,0,246,2025,0,7715.343437500001,7798.560659722223,13.962502,0.0,3.8791659999999997
2025-09-04,7568.618611111112,9717.09,5075.62,77.47819444444445,265.74,22.45,12.05,16.291666,0.0,18.35647,3,9,0,247,2025,0,7464.7025347222225,7462.075173611111,14.120834,0.0,1.7083340000000007
2025-09-05,7452.635243055556,9684.97,5022.27,98.69510416666667,328.7,16.65,11.3,13.810417,0.4,19.620827,4,9,0,248,2025,0,7568.618611111112,7594.251006944444,16.291666,0.0,4.189583000000001
2025-09-06,6818.336423611111,8885.44,4339.48,47.181354166666665,147.95,19.25,10.45,15.070832,0.0,21.134485,5,9,1,249,2025,0,7452.635243055556,7360.106979166667,13.810417,0.0,2.9291680000000007
2025-09-07,6390.262604166667,8615.2,3806.67,40.385868055555555,109.95,21.75,10.1,16.081251,0.0,24.23324,6,9,1,250,2025,0,6818.336423611111,7038.901979166667,15.070832,0.0,1.9187489999999983
2025-09-08,6856.4002083333335,9105.94,4693.69,40.251875000000005,156.82,27.95,15.55,21.008333,0.0,20.340796,0,9,0,251,2025,0,6390.262604166667,7715.448541666668,16.081251,3.0083330000000004,0.0
2025-09-09,7153.580243055556,9078.01,5379.16,107.09711805555555,299.99,24.35,16.65,19.539587,0.2,19.107151,1,9,0,252,2025,0,6856.4002083333335,7715.343437500001,21.008333,1.539587000000001,0.0
2025-09-10,8117.128298611112,9894.41,6454.04,139.44225694444447,336.11,17.5,13.35,16.18125,27.5,26.641216,2,9,0,253,2025,0,7153.580243055556,7464.7025347222225,19.539587,0.0,1.8187500000000014
2025-09-11,7999.464548611111,10253.92,6142.46,103.4445486111111,300.2,15.9,8.75,12.358334,35.300003,33.5037,3,9,0,254,2025,0,8117.128298611112,7568.618611111112,16.18125,0.0,5.641666000000001
2025-09-12,7157.373680555555,9306.88,4363.06,92.64670138888889,299.99,18.95,9.45,13.458335,0.0,11.811622,4,9,0,255,2025,0,7999.464548611111,7452.635243055556,12.358334,0.0,4.541665
2025-09-13,6540.354375,8579.07,3852.36,98.88829861111111,309.13,19.1,9.05,13.962501,0.0,13.288341,5,9,1,256,2025,0,7157.373680555555,6818.336423611111,13.458335,0.0,4.037499
2025-09-14,6116.336736111111,8479.07,3175.25,40.736875,123.94,21.25,9.45,15.070834,0.0,15.486278,6,9,1,257,2025,0,6540.354375,6390.262604166667,13.962501,0.0,2.9291660000000004
2025-09-15,6479.7434375,8870.07,3892.92,40.58979166666667,269.3,24.65,9.7,17.447914,0.0,14.677452,0,9,0,258,2025,0,6116.336736111111,6856.4002083333335,15.070834,0.0,0.5520859999999992
2025-09-16,6915.354652777777,9075.45,5208.01,54.67371527777778,199.2,26.5,15.7,20.683332,0.0,23.365358,1,9,0,259,2025,0,6479.7434375,7153.580243055556,17.447914,2.683332,0.0
2025-09-17,6575.026145833333,8888.88,4054.5,64.62729166666666,299.99,24.8,13.45,18.885416,0.4,14.4415655,2,9,0,260,2025,0,6915.354652777777,8117.128298611112,20.683332,0.8854159999999993,0.0
2025-09-18,6660.89625,9102.18,3920.71,59.03180555555556,299.99,19.4,9.35,14.614583,0.0,16.724508,3,9,0,261,2025,0,6575.026145833333,7999.464548611111,18.885416,0.0,3.3854170000000003
2025-09-19,6787.271319444444,8881.73,4113.27,50.93888888888889,299.99,22.7,9.65,16.566668,0.8,18.102308,4,9,0,262,2025,0,6660.89625,7157.373680555555,14.614583,0.0,1.433332
2025-09-20,6197.369861111111,8485.24,3728.45,28.40375,92.98,22.05,13.25,17.422916,7.0,21.964422,5,9,1,263,2025,0,6787.271319444444,6540.354375,16.566668,0.0,0.5770839999999993
2025-09-21,6018.372395833333,8575.04,3102.14,33.01868055555556,96.6,21.9,9.8,15.295835,0.0,14.410121,6,9,1,264,2025,0,6197.369861111111,6116.336736111111,17.422916,0.0,2.7041649999999997
2025-09-22,6815.651527777777,9630.46,4137.74,55.42454861111111,203.8,22.3,10.15,14.152083,5.5,24.117983,0,9,0,265,2025,0,6018.372395833333,6479.7434375,15.295835,0.0,3.8479170000000007
2025-09-23,6867.474027777778,9411.02,4033.63,65.61944444444445,182.97,16.35,8.15,12.497916,0.0,16.56489,1,9,0,266,2025,0,6815.651527777777,6915.354652777777,14.152083,0.0,5.502084
2025-09-24,6680.916215277778,8882.43,3888.99,57.8365625,158.99,24.2,8.75,15.412498,0.0,24.464773,2,9,0,267,2025,0,6867.474027777778,6575.026145833333,12.497916,0.0,2.5875020000000006
2025-09-25,6545.526180555556,8856.44,3877.09,52.84684027777777,170.81,25.75,9.95,18.12292,0.0,19.474136,3,9,0,268,2025,0,6680.916215277778,6660.89625,15.412498,0.12292000000000058,0.0
2025-09-26,6554.7025,8537.05,4048.07,41.200208333333336,158.99,28.75,16.45,22.183332,0.0,27.103,4,9,0,269,2025,0,6545.526180555556,6787.271319444444,18.12292,4.183332,0.0
2025-09-27,6257.834375,8120.55,4640.35,33.486041666666665,128.89,31.65,17.4,23.837502,0.0,21.252962,5,9,1,270,2025,0,6554.7025,6197.369861111111,22.183332,5.837502000000001,0.0
2025-09-28,6089.299513888889,8321.95,3569.51,65.2984375,250.23,23.65,17.55,20.422916,0.1,19.83025,6,9,1,271,2025,0,6257.834375,6018.372395833333,23.837502,2.4229160000000007,0.0
2025-09-29,6737.124652777778,8973.1,4723.68,81.7089236111111,357.98,22.45,14.7,17.810417,0.5,18.29459,0,9,0,272,2025,0,6089.299513888889,6815.651527777777,20.422916,0.0,0.18958299999999895
2025-09-30,6739.444444444444,9103.59,4464.63,59.70951388888889,177.7,23.85,13.9,19.858332,0.0,21.166653,1,9,0,273,2025,0,6737.124652777778,6867.474027777778,17.810417,1.8583320000000008,0.0
2025-10-01,6539.923506944444,8786.89,4173.92,34.89239583333333,158.94,27.1,16.45,21.8375,0.0,22.35481,2,10,0,274,2025,0,6739.444444444444,6680.916215277778,19.858332,3.8374999999999986,0.0
2025-10-02,6604.726145833333,9009.04,4319.95,35.196979166666665,129.72,25.35,12.9,17.620832,0.0,33.70665,3,10,0,275,2025,0,6539.923506944444,6545.526180555556,21.8375,0.0,0.37916799999999995
2025-10-03,6319.224861111111,8551.9,3730.58,48.109409722222225,177.7,24.85,11.95,17.770834,0.0,21.426804,4,10,0,276,2025,0,6604.726145833333,6554.7025,17.620832,0.0,0.22916599999999931
2025-10-04,5904.511180555555,8046.81,3252.4,47.89954861111111,162.47,22.15,12.1,16.88125,0.0,14.508715,5,10,1,277,2025,0,6319.224861111111,6257.834375,17.770834,0.0,1.1187499999999986
2025-10-05,5756.609652777778,8041.43,2907.04,26.599027777777778,108.45,26.95,12.4,20.241667,0.0,17.137852,6,10,1,278,2025,0,5904.511180555555,6089.299513888889,16.88125,2.2416669999999996,0.0
2025-10-06,6298.990625,8212.9,4072.93,51.929375,177.7,32.7,17.35,22.88958,3.0000002,21.857958,0,10,0,279,2025,0,5756.609652777778,6737.124652777778,20.241667,4.889579999999999,0.0
2025-10-07,7004.466284722223,8545.16,5905.82,115.56982638888888,299.99,22.2,16.2,18.787498,2.6,19.370708,1,10,0,280,2025,0,6298.990625,6739.444444444444,22.88958,0.7874979999999994,0.0
2025-10-08,6842.140069444445,9219.09,4535.18,58.41430555555556,252.29,29.2,15.25,22.6875,0.0,28.961546,2,10,0,281,2025,0,7004.466284722223,6539.923506944444,18.787498,4.6875,0.0
2025-10-09,7419.5599999999995,8808.72,6270.69,122.94086805555555,450.02,26.4,20.75,23.560415,1.4,24.948027,3,10,0,282,2025,0,6842.140069444445,6604.726145833333,22.6875,5.560414999999999,0.0
2025-10-10,6499.477951388889,8825.56,4121.49,130.43322916666665,20300.0,30.3,15.0,23.36458,0.0,16.135872,4,10,0,283,2025,0,7419.5599999999995,6319.224861111111,23.560415,5.36458,0.0
2025-10-11,6034.038923611111,8345.46,3540.14,32.111979166666664,307.66,30.6,16.75,23.81458,0.0,23.70129,5,10,1,284,2025,0,6499.477951388889,5904.511180555555,23.36458,5.814579999999999,0.0
2025-10-12,6234.459444444445,8089.8,3832.5,58.23090277777778,158.99,32.1,16.5,21.664581,1.3000001,31.90065,6,10,1,285,2025,0,6034.038923611111,5756.609652777778,23.81458,3.6645809999999983,0.0
2025-10-13,6210.868541666667,8386.38,3939.05,67.49739583333333,289.6,22.15,14.95,17.472916,0.0,22.288042,0,10,0,286,2025,0,6234.459444444445,6298.990625,21.664581,0.0,0.5270839999999986
2025-10-14,6279.625555555555,8485.49,3641.17,59.674375000000005,207.09,26.4,13.6,19.593752,0.0,11.334285,1,10,0,287,2025,0,6210.868541666667,7004.466284722223,17.472916,1.5937519999999985,0.0
2025-10-15,6517.103749999999,8783.66,4090.72,100.64204861111111,299.99,25.55,14.25,19.695833,0.0,16.279802,2,10,0,288,2025,0,6279.625555555555,6842.140069444445,19.593752,1.6958330000000004,0.0
2025-10-16,6753.175868055555,9365.84,4346.41,55.914375,257.41,27.0,15.0,21.252085,0.0,21.663656,3,10,0,289,2025,0,6517.103749999999,7419.5599999999995,19.695833,3.252085000000001,0.0
2025-10-17,7310.053368055556,9240.75,6211.74,93.50788194444445,7331.58,33.15,17.5,24.127083,0.9,26.194172,4,10,0,290,2025,0,6753.175868055555,6499.477951388889,21.252085,6.127082999999999,0.0
2025-10-18,6056.6265277777775,7811.71,3678.58,52.06881944444444,238.78,20.85,16.7,18.454166,0.0,18.275984,5,10,1,291,2025,0,7310.053368055556,6034.038923611111,24.127083,0.45416600000000074,0.0
2025-10-19,5849.132951388889,8282.33,3060.56,41.921909722222225,184.56,24.45,16.65,20.022917,0.0,21.915691,6,10,1,292,2025,0,6056.6265277777775,6234.459444444445,18.454166,2.0229169999999996,0.0
2025-10-20,7506.969583333333,10796.34,5641.1,65.81760416666667,264.73,33.25,16.55,24.925001,0.0,22.019672,0,10,0,293,2025,0,5849.132951388889,6210.868541666667,20.022917,6.925001000000002,0.0
2025-10-21,7048.506493055556,8869.26,5085.83,93.13694444444444,299.99,21.55,17.85,19.38542,0.0,20.5484,1,10,0,294,2025,0,7506.969583333333,6279.625555555555,24.925001,1.3854199999999999,0.0
2025-10-22,7968.195972222222,11139.64,5961.0,68.9063888888889,1034.03,38.15,17.95,26.63958,0.0,33.073498,2,10,0,295,2025,0,7048.506493055556,6517.103749999999,19.38542,8.639579999999999,0.0
2025-10-23,6671.845173611111,8544.18,4712.45,94.03444444444443,257.31,23.35,16.9,19.175005,0.1,23.678722,3,10,0,296,2025,0,7968.195972222222,6753.175868055555,26.63958,1.1750049999999987,0.0
2025-10-24,6347.790625,8182.43,4207.86,82.97395833333333,253.01,23.05,16.3,18.59583,0.1,26.591913,4,10,0,297,2025,0,6671.845173611111,7310.053368055556,19.175005,0.5958299999999994,0.0
2025-10-25,6191.183368055556,7884.49,4190.13,106.16215277777778,255.95,24.25,13.95,18.797915,0.0,16.554129,5,10,1,298,2025,0,6347.790625,6056.6265277777775,18.59583,0.7979149999999997,0.0
2025-10-26,6611.4094444444445,8120.83,5104.31,59.04277777777778,169.04,24.35,15.9,20.325003,1.5,20.170443,6,10,1,299,2025,0,6191.183368055556,5849.132951388889,18.797915,2.325002999999999,0.0
2025-10-27,6680.0503125,8583.66,5091.96,63.384930555555556,240.89,24.6,13.6,17.762499,2.0000002,34.957554,0,10,0,300,2025,0,6611.4094444444445,7506.969583333333,20.325003,0.0,0.23750100000000174
2025-10-28,7615.965625000001,9156.42,6106.17,120.22340277777779,354.37,16.2,12.65,14.339583,2.6000001,22.885498,1,10,0,301,2025,0,6680.0503125,7048.506493055556,17.762499,0.0,3.6604170000000007
2025-10-29,7429.046597222222,8789.67,6317.36,161.13947916666666,364.49,16.35,12.0,14.427085,9.4,8.936778,2,10,0,302,2025,0,7615.965625000001,7968.195972222222,14.339583,0.0,3.572915
2025-10-30,6612.793819444445,8345.39,4909.29,121.02993055555557,301.08,20.35,13.5,16.904165,5.5,12.204212,3,10,0,303,2025,0,7429.046597222222,6671.845173611111,14.427085,0.0,1.095835000000001
2025-10-31,6637.345868055556,8497.39,4628.77,118.02631944444445,351.7,22.15,14.55,18.689583,1.1,17.873556,4,10,0,304,2025,0,6612.793819444445,6347.790625,16.904165,0.689582999999999,0.0
2025-11-01,6613.782152777778,7887.31,5460.77,69.9375,161.4,23.7,15.85,19.183332,14.700001,18.252037,5,11,1,305,2025,0,6637.345868055556,6191.183368055556,18.689583,1.183332,0.0
2025-11-02,6411.524548611112,8498.65,4442.81,61.42649305555556,354.5,22.1,17.0,19.44375,0.5,13.767352,6,11,1,306,2025,0,6613.782152777778,6611.4094444444445,19.183332,1.4437500000000014,0.0
2025-11-03,7376.045625000001,10304.69,5308.18,106.05159722222223,564.12,25.6,17.55,21.981249,0.0,21.749481,0,11,0,307,2025,0,6411.524548611112,6680.0503125,19.44375,3.9812489999999983,0.0
2025-11-04,6645.500451388889,8883.33,4776.05,63.59076388888889,299.99,21.85,14.8,18.65833,2.2,29.695635,1,11,0,308,2025,0,7376.045625000001,7615.965625000001,21.981249,0.6583299999999994,0.0
2025-11-05,6054.338854166667,8381.63,3313.93,44.26305555555555,197.27,25.35,12.35,17.841665,0.0,15.655861,2,11,0,309,2025,0,6645.500451388889,7429.046597222222,18.65833,0.0,0.158335000000001
2025-11-06,6294.690590277777,8734.22,3692.1,83.289375,336.63,23.85,12.05,18.502085,0.0,21.437386,3,11,0,310,2025,0,6054.338854166667,6612.793819444445,17.841665,0.502085000000001,0.0
2025-11-07,7034.334479166667,8714.32,4948.71,71.7342361111111,253.15,28.1,16.75,21.272917,0.0,22.62708,4,11,0,311,2025,0,6294.690590277777,6637.345868055556,18.502085,3.2729169999999996,0.0
2025-11-08,7068.970798611112,9494.46,5152.76,45.409166666666664,496.27,31.55,19.5,25.170835,2.4,27.455753,5,11,1,312,2025,0,7034.334479166667,6613.782152777778,21.272917,7.170835,0.0
2025-11-09,5873.182986111111,7904.28,4036.31,67.41368055555556,198.75,19.55,15.3,17.316666,0.0,25.18521,6,11,1,313,2025,0,7068.970798611112,6411.524548611112,25.170835,0.0,0.6833339999999986
2025-11-10,6267.3003125,8440.12,4156.78,81.5148611111111,240.89,21.55,13.1,17.616665,0.9,22.437273,0,11,0,314,2025,0,5873.182986111111,7376.045625000001,17.316666,0.0,0.38333499999999887
2025-11-11,6357.183680555555,8400.92,4012.0,43.39270833333333,140.65,27.65,13.7,19.718748,0.1,26.827246,1,11,0,315,2025,0,6267.3003125,6645.500451388889,17.616665,1.7187480000000015,0.0
2025-11-12,5968.845868055556,8194.1,3250.07,48.75902777777778,243.2,20.45,10.35,15.675,0.0,19.813087,2,11,0,316,2025,0,6357.183680555555,6054.338854166667,19.718748,0.0,2.3249999999999993
2025-11-13,6314.367708333333,8501.94,3915.73,42.5009375,145.91,26.65,11.4,19.187498,0.0,20.364674,3,11,0,317,2025,0,5968.845868055556,6294.690590277777,15.675,1.1874980000000015,0.0
2025-11-14,6664.1284375,8218.69,4657.86,67.21871527777779,154.29,22.15,17.4,19.762499,0.5,18.900856,4,11,0,318,2025,0,6314.367708333333,7034.334479166667,19.187498,1.7624989999999983,0.0
2025-11-15,6577.8819791666665,8239.91,4467.2,61.85520833333333,155.79,24.75,17.65,21.147917,0.5,23.546999,5,11,1,319,2025,0,6664.1284375,7068.970798611112,19.762499,3.1479169999999996,0.0
2025-11-16,6294.784618055555,8986.78,4056.77,53.13166666666667,308.27,30.4,18.5,24.975,0.3,15.172409,6,11,1,320,2025,0,6577.8819791666665,5873.182986111111,21.147917,6.975000000000001,0.0
2025-11-17,6451.281111111111,8345.3,4822.99,37.01940972222222,244.53,23.45,17.6,20.456253,1.9,21.637466,0,11,0,321,2025,0,6294.784618055555,6267.3003125,24.975,2.4562530000000002,0.0
2025-11-18,6226.695381944444,8558.56,3785.43,54.50763888888889,334.16,25.55,14.1,20.029165,0.0,20.620804,1,11,0,322,2025,0,6451.281111111111,6357.183680555555,20.456253,2.029164999999999,0.0
2025-11-19,6807.4132291666665,9387.56,4621.51,69.79739583333334,598.56,28.0,15.15,21.835417,0.0,22.97381,2,11,0,323,2025,0,6226.695381944444,5968.845868055556,20.029165,3.8354169999999996,0.0
2025-11-20,6969.363159722223,8575.03,5489.53,109.87826388888888,14000.68,23.0,17.5,19.94375,0.4,20.917984,3,11,0,324,2025,0,6807.4132291666665,6314.367708333333,21.835417,1.9437500000000014,0.0
2025-11-21,7246.3259027777785,8277.93,6138.95,87.87190972222223,14000.68,18.15,16.05,17.37292,8.400001,22.922983,4,11,0,325,2025,0,6969.363159722223,6664.1284375,19.94375,0.0,0.6270799999999994
2025-11-22,6922.636875,7992.6,6078.87,65.72343749999999,241.49,21.65,18.05,19.758335,6.1,16.50709,5,11,1,326,2025,0,7246.3259027777785,6577.8819791666665,17.37292,1.7583349999999989,0.0
2025-11-23,6460.163993055556,8840.55,4183.54,83.9660763888889,298.11,25.75,18.05,21.010416,6.2999997,14.98331,6,11,1,327,2025,0,6922.636875,6294.784618055555,19.758335,3.0104159999999993,0.0
2025-11-24,6933.573645833333,9086.36,5426.36,57.689618055555556,158.98,21.9,17.7,19.464582,0.0,22.842983,0,11,0,328,2025,0,6460.163993055556,6451.281111111111,21.010416,1.464582,0.0
2025-11-25,7652.584965277779,10000.29,5199.91,175.7320486111111,20300.0,28.2,16.65,23.360418,0.1,15.027575,1,11,0,329,2025,0,6933.573645833333,6226.695381944444,19.464582,5.360417999999999,0.0
2025-11-26,8051.609166666666,10769.82,6342.5,327.1582638888889,20300.0,35.05,18.4,27.858332,0.70000005,31.161322,2,11,0,330,2025,0,7652.584965277779,6807.4132291666665,23.360418,9.858332,0.0
2025-11-27,7326.863611111112,10261.38,5327.51,62.02899305555555,289.8,32.45,18.45,25.281252,0.0,21.420753,3,11,0,331,2025,0,8051.609166666666,6969.363159722223,27.858332,7.2812519999999985,0.0
2025-11-28,7228.081666666667,9703.19,5052.32,80.85065972222223,273.33,29.8,17.25,22.908335,0.1,20.406792,4,11,0,332,2025,0,7326.863611111112,7246.3259027777785,25.281252,4.908335000000001,0.0
2025-11-29,7021.066076388889,8770.23,5510.04,50.05138888888889,152.86,32.3,19.3,24.395834,1.2,33.481937,5,11,1,333,2025,0,7228.081666666667,6922.636875,22.908335,6.395834000000001,0.0
2025-11-30,6174.0077083333335,8096.72,4360.32,34.33065972222222,122.61,28.85,17.35,22.106249,0.5,33.95947,6,11,1,334,2025,0,7021.066076388889,6460.163993055556,24.395834,4.106248999999998,0.0
2025-12-01,6565.246944444445,8374.11,4819.82,41.80083333333333,129.78,24.35,14.4,19.110418,0.2,24.552027,0,12,0,335,2025,0,6174.0077083333335,6933.573645833333,22.106249,1.1104179999999992,0.0
2025-12-02,6126.750763888889,8167.89,3800.58,39.37829861111111,147.24,20.2,13.35,17.283335,0.2,22.075516,1,12,0,336,2025,0,6565.246944444445,7652.584965277779,19.110418,0.0,0.716664999999999
2025-12-03,6363.574513888889,8797.81,3844.59,46.77454861111111,193.97,26.1,13.5,19.904167,0.0,19.25327,2,12,0,337,2025,0,6126.750763888889,8051.609166666666,17.283335,1.904167000000001,0.0
2025-12-04,7130.898055555555,10075.82,5060.69,58.1290625,170.08,29.8,15.25,23.247917,0.0,20.765635,3,12,0,338,2025,0,6363.574513888889,7326.863611111112,19.904167,5.247917000000001,0.0
2025-12-05,8256.362118055556,11854.17,6196.33,75.19347222222223,514.15,36.15,17.85,27.227083,0.0,19.935354,4,12,0,339,2025,0,7130.898055555555,7228.081666666667,23.247917,9.227083,0.0
2025-12-06,8508.177916666667,11554.85,6386.72,49.08385416666667,376.18,38.75,23.8,30.877085,0.0,28.04305,5,12,1,340,2025,0,8256.362118055556,7021.066076388889,27.227083,12.877085000000001,0.0
2025-12-07,6849.421354166667,8123.93,5212.42,49.140590277777775,124.36,27.95,18.3,21.612501,0.4,25.70221,6,12,1,341,2025,0,8508.177916666667,6174.0077083333335,30.877085,3.6125010000000017,0.0
2025-12-08,7090.1305902777785,9463.24,5223.34,49.56961805555555,149.23,26.1,18.55,21.677084,0.6,22.689283,0,12,0,342,2025,0,6849.421354166667,6565.246944444445,21.612501,3.6770840000000007,0.0
2025-12-09,7702.916701388888,10942.55,5906.36,77.67229166666667,644.99,31.35,17.75,23.787498,0.2,22.416323,1,12,0,343,2025,0,7090.1305902777785,6126.750763888889,21.677084,5.787497999999999,0.0
2025-12-10,7387.0028125,9440.26,5815.16,75.75611111111111,245.16,24.45,19.05,21.704168,4.0,17.873556,2,12,0,344,2025,0,7702.916701388888,6363.574513888889,23.787498,3.7041679999999992,0.0
2025-12-11,7344.864375,8476.21,6391.71,57.14395833333333,117.15,22.05,19.05,20.354166,3.6999996,23.45394,3,12,0,345,2025,0,7387.0028125,7130.898055555555,21.704168,2.3541659999999993,0.0
2025-12-12,7364.8713541666675,8197.72,6309.54,69.29055555555556,158.99,20.5,17.9,19.329168,27.200005,14.892213,4,12,0,346,2025,0,7344.864375,8256.362118055556,20.354166,1.3291679999999992,0.0
2025-12-13,6523.6121875,8297.0,4439.41,66.67677083333334,599.99,24.2,16.05,20.416666,3.8,16.208998,5,12,1,347,2025,0,7364.8713541666675,8508.177916666667,19.329168,2.4166659999999993,0.0
2025-12-14,6718.542118055555,9789.01,4393.77,43.826249999999995,133.62,29.0,18.35,23.285416,8.9,35.885063,6,12,1,348,2025,0,6523.6121875,6849.421354166667,20.416666,5.2854160000000014,0.0
2025-12-15,6845.801388888889,8552.74,5089.41,70.53659722222223,201.16,21.65,18.1,19.710417,1.9000003,18.584509,0,12,0,349,2025,0,6718.542118055555,7090.1305902777785,23.285416,1.7104169999999996,0.0
2025-12-16,7230.963298611111,8444.84,6324.05,69.64836805555555,107.63,21.45,17.85,19.41875,0.4,11.734564,1,12,0,350,2025,0,6845.801388888889,7702.916701388888,19.710417,1.4187499999999993,0.0
2025-12-17,7095.146076388889,9700.5,5034.33,86.41541666666666,248.74,23.6,17.55,20.877085,0.0,22.180935,2,12,0,351,2025,0,7230.963298611111,7387.0028125,19.41875,2.877085000000001,0.0
2025-12-18,8252.07236111111,12211.28,5864.12,306.22788194444445,14000.68,29.1,18.25,24.095835,0.0,22.427162,3,12,0,352,2025,0,7095.146076388889,7344.864375,20.877085,6.095835000000001,0.0
2025-12-19,9364.65375,13063.18,7027.37,316.2994791666667,14001.01,39.05,21.15,28.641663,0.2,13.78029,4,12,0,353,2025,0,8252.07236111111,7364.8713541666675,24.095835,10.641663000000001,0.0
2025-12-20,8347.353819444445,11219.52,6717.6,88.83048611111111,405.61,30.45,22.3,25.589584,7.899999,16.992609,5,12,1,354,2025,0,9364.65375,6523.6121875,28.641663,7.5895839999999986,0.0
2025-12-21,8803.91111111111,11511.34,6783.43,73.58118055555556,299.99,34.8,21.75,27.368746,0.8,18.391737,6,12,1,355,2025,0,8347.353819444445,6718.542118055555,25.589584,9.368746000000002,0.0
2025-12-22,7931.277534722223,9516.96,6656.98,78.19732638888888,259.65,28.75,21.4,25.466667,1.3000001,21.836456,0,12,0,356,2025,0,8803.91111111111,6845.801388888889,27.368746,7.466667000000001,0.0
2025-12-23,7199.511180555555,9069.53,5772.82,65.98440972222221,144.46,32.45,19.5,23.264582,0.0,28.814058,1,12,0,357,2025,0,7931.277534722223,7230.963298611111,25.466667,5.264582000000001,0.0
2025-12-24,6983.389479166666,9831.34,5026.24,54.02447916666667,120.01,30.05,17.7,23.658333,0.0,24.070244,2,12,0,358,2025,0,7199.511180555555,7095.146076388889,23.264582,5.658332999999999,0.0
2025-12-25,5540.804513888888,7042.82,3250.08,33.90152777777777,81.64,21.6,16.5,19.464582,1.9000001,23.565569,3,12,0,359,2025,1,6983.389479166666,8252.07236111111,23.658333,1.464582,0.0
2025-12-26,5868.095069444444,7084.84,4938.1,39.69461805555556,73.2,17.15,14.3,15.9375,2.6,23.801556,4,12,0,360,2025,1,5540.804513888888,9364.65375,19.464582,0.0,2.0625
2025-12-27,5231.406736111111,7188.06,2915.07,11.131736111111111,57.06,20.4,13.25,17.041664,0.5,16.925743,5,12,1,361,2025,0,5868.095069444444,8347.353819444445,15.9375,0.0,0.9583359999999992
2025-12-28,5248.993506944444,7294.15,3027.97,18.101493055555558,74.34,20.8,15.55,18.20625,0.8,23.272963,6,12,1,362,2025,0,5231.406736111111,8803.91111111111,17.041664,0.2062500000000007,0.0
2025-12-29,5425.312291666666,7618.64,2708.64,23.547430555555554,88.22,21.95,14.25,18.3,0.0,14.81915,0,12,0,363,2025,0,5248.993506944444,7931.277534722223,18.20625,0.3000000000000007,0.0
2025-12-30,5735.116805555555,8077.89,3216.26,34.20461805555556,116.98,22.7,13.8,18.781252,0.0,14.743526,1,12,0,364,2025,0,5425.312291666666,7199.511180555555,18.3,0.7812519999999985,0.0
2025-12-31,6194.0919791666665,7471.91,4845.55,42.291666666666664,133.29,22.95,15.1,19.439585,0.4,15.547875,2,12,0,365,2025,0,5735.116805555555,6983.389479166666,18.781252,1.439585000000001,0.0
2026-01-01,6162.642951388889,7497.55,5158.47,27.500034722222225,77.89,19.6,18.0,18.664583,2.9999998,21.69056,3,1,0,1,2026,1,6194.0919791666665,5540.804513888888,19.439585,0.6645830000000004,0.0
2026-01-02,6267.631944444444,7672.66,4996.1,49.62815972222222,84.38,21.8,17.1,19.339582,0.5,12.3165245,4,1,0,2,2026,0,6162.642951388889,5868.095069444444,18.664583,1.339582,0.0
2026-01-03,6078.217083333333,8033.57,4015.44,46.86628472222222,109.37,24.05,17.8,21.0125,0.5,22.682856,5,1,1,3,2026,0,6267.631944444444,5231.406736111111,19.339582,3.0124999999999993,0.0
2026-01-04,6572.294270833333,8290.53,4535.89,57.37069444444444,299.98,28.1,19.0,22.410418,13.0,16.055353,6,1,1,4,2026,0,6078.217083333333,5248.993506944444,21.0125,4.410418,0.0
2026-01-05,6888.1584722222215,8963.2,4951.58,50.42454861111111,100.47,23.95,18.25,21.202084,2.6999998,13.1412325,0,1,0,5,2026,0,6572.294270833333,5425.312291666666,22.410418,3.2020839999999993,0.0
2026-01-06,7187.917673611111,9961.96,5230.55,62.64100694444445,264.86,25.25,19.2,22.266668,1.3000001,16.45007,1,1,0,6,2026,0,6888.1584722222215,5735.116805555555,21.202084,4.266667999999999,0.0
2026-01-07,8239.160659722222,11935.43,6421.13,71.64680555555555,299.98,30.2,19.6,24.645834,0.0,19.91503,2,1,0,7,2026,0,7187.917673611111,6194.0919791666665,22.266668,6.645834000000001,0.0
2026-01-08,8924.378159722222,12944.62,6904.61,78.50510416666667,174.58,32.9,20.65,26.237497,0.0,21.767351,3,1,0,8,2026,0,8239.160659722222,6162.642951388889,24.645834,8.237497000000001,0.0
2026-01-09,8913.826145833335,12435.26,7106.86,58.947152777777774,292.78,31.85,20.45,25.972916,0.0,23.210928,4,1,0,9,2026,0,8924.378159722222,6267.631944444444,26.237497,7.9729160000000014,0.0
2026-01-10,8890.108472222222,13146.79,6986.37,499.6626041666666,11938.05,41.95,21.95,32.24375,0.0,28.561071,5,1,1,10,2026,0,8913.826145833335,6078.217083333333,25.972916,14.243749999999999,0.0
2026-01-11,7157.938784722222,8210.76,6635.51,53.86454861111111,84.79,22.0,18.35,20.5375,12.500001,24.849127,6,1,1,11,2026,0,8890.108472222222,6572.294270833333,32.24375,2.5375000000000014,0.0
2026-01-12,7181.488090277778,8401.35,6125.97,35.62590277777778,81.29,20.7,18.45,19.479164,6.5999994,17.294992,0,1,0,12,2026,0,7157.938784722222,6888.1584722222215,20.5375,1.4791640000000008,0.0
2026-01-13,7344.043923611111,9616.83,5837.13,59.458888888888886,109.0,25.45,18.2,22.041664,0.3,16.412603,1,1,0,13,2026,0,7181.488090277778,7187.917673611111,19.479164,4.041664000000001,0.0
2026-01-14,7688.089062499999,9339.76,6565.3,55.16847222222222,88.32,24.45,20.55,22.447916,0.6,21.365477,2,1,0,14,2026,0,7344.043923611111,8239.160659722222,22.041664,4.447915999999999,0.0
2026-01-15,7888.618506944444,9653.87,6588.21,68.05291666666668,149.99,24.65,21.25,22.841665,14.6,24.912935,3,1,0,15,2026,0,7688.089062499999,8924.378159722222,22.447916,4.841664999999999,0.0
2026-01-16,7296.357743055555,8818.25,6259.57,46.03138888888889,124.3,24.7,19.25,21.733332,6.8999996,23.023119,4,1,0,16,2026,0,7888.618506944444,8913.826145833335,22.841665,3.7333320000000008,0.0
2026-01-17,6867.973298611111,8100.77,5701.67,28.3459375,105.79,21.5,19.05,20.258333,61.099995,31.458832,5,1,1,17,2026,0,7296.357743055555,8890.108472222222,21.733332,2.2583330000000004,0.0
2026-01-18,6570.0440625,7998.46,5307.43,30.580624999999998,65.0,21.9,18.4,19.97083,19.700005,27.70831,6,1,1,18,2026,0,6867.973298611111,7157.938784722222,20.258333,1.9708299999999994,0.0
2026-01-19,6961.5557638888895,8501.37,5840.94,36.582013888888895,73.2,22.7,18.2,20.149998,7.399999,16.084589,0,1,0,19,2026,0,6570.0440625,7181.488090277778,19.97083,2.149998,0.0
2026-01-20,6846.725625,8416.33,5546.32,47.78590277777778,88.97,22.75,17.35,20.275,1.4000001,14.545515,1,1,0,20,2026,0,6961.5557638888895,7344.043923611111,20.149998,2.2749999999999986,0.0
2026-01-21,6704.220173611111,8828.33,4731.47,42.082881944444445,108.89,22.5,16.9,19.889582,0.6,14.410121,2,1,0,21,2026,0,6846.725625,7688.089062499999,20.275,1.8895820000000008,0.0
2026-01-22,6906.212326388889,8691.33,5336.7,37.25402777777778,124.48,23.05,16.6,19.585417,0.2,29.129427,3,1,0,22,2026,0,6704.220173611111,7888.618506944444,19.889582,1.5854169999999996,0.0
2026-01-23,6843.407708333333,8314.46,5687.02,40.164097222222225,84.79,22.05,17.55,19.579168,0.0,12.659004,4,1,0,23,2026,0,6906.212326388889,7296.357743055555,19.585417,1.5791679999999992,0.0
2026-01-24,6632.092430555556,9410.78,4064.94,43.63295138888889,125.34,25.4,15.75,21.368752,0.0,18.083506,5,1,1,24,2026,0,6843.407708333333,6867.973298611111,19.579168,3.3687520000000006,0.0
2026-01-25,8168.397256944445,12553.41,5360.81,68.08871527777778,237.84,34.05,19.1,26.35,0.0,23.580687,6,1,1,25,2026,0,6632.092430555556,6570.0440625,21.368752,8.350000000000001,0.0
2026-01-26,7287.745798611111,8931.59,5882.62,38.80854166666667,144.41,25.1,20.95,22.722921,0.2,23.448412,0,1,0,26,2026,1,8168.397256944445,6961.5557638888895,26.35,4.7229209999999995,0.0
2026-01-27,7453.297152777778,10123.45,5866.54,58.39340277777777,129.89,25.6,19.1,22.145834,0.0,16.981165,1,1,0,27,2026,0,7287.745798611111,6846.725625,22.722921,4.145834000000001,0.0
2026-01-28,7959.007326388888,11150.04,5963.09,64.87111111111112,211.29,27.35,17.25,22.599998,0.0,19.623302,2,1,0,28,2026,0,7453.297152777778,6704.220173611111,22.145834,4.599997999999999,0.0
2026-01-29,8217.08486111111,10727.94,6861.37,57.818576388888886,112.45,27.35,20.5,23.929163,0.0,14.275713,3,1,0,29,2026,0,7959.007326388888,6906.212326388889,22.599998,5.929162999999999,0.0
2026-01-30,8510.175451388888,11473.11,6855.97,89.1270486111111,159.82,28.4,19.35,23.995834,0.0,21.166653,4,1,0,30,2026,0,8217.08486111111,6843.407708333333,23.929163,5.9958339999999986,0.0
2026-01-31,8590.705451388889,12065.56,6918.1,78.99579861111111,159.25,29.65,21.25,25.383331,0.0,21.028437,5,1,1,31,2026,0,8510.175451388888,6632.092430555556,23.995834,7.383330999999998,0.0
2026-02-01,7955.429340277778,9496.58,7058.01,56.138506944444444,100.3,30.55,20.0,24.120836,2.7,25.030357,6,2,1,32,2026,0,8590.705451388889,8168.397256944445,25.383331,6.120836000000001,0.0
2026-02-02,6596.490555555556,8220.79,4573.78,39.16767361111111,90.35,20.4,17.2,19.010416,1.5000001,32.232067,0,2,0,33,2026,0,7955.429340277778,7287.745798611111,24.120836,1.0104159999999993,0.0
2026-02-03,6998.6653125,8545.86,5620.69,60.54388888888889,135.39,23.45,16.9,19.979164,3.2,15.2501545,1,2,0,34,2026,0,6596.490555555556,7453.297152777778,19.010416,1.9791640000000008,0.0
2026-02-04,7131.972118055555,10048.03,4699.14,86.16885416666668,254.86,26.7,17.45,22.427086,0.0,19.174856,2,2,0,35,2026,0,6998.6653125,7959.007326388888,19.979164,4.427085999999999,0.0
2026-02-05,8608.784722222223,12041.37,6659.32,391.9340625,20300.0,35.05,19.65,25.606249,0.0,16.981165,3,2,0,36,2026,0,7131.972118055555,8217.08486111111,22.427086,7.606248999999998,0.0
2026-02-06,8379.608194444445,10571.76,6656.23,208.70097222222222,19036.53,30.15,20.1,24.454168,0.0,14.7742605,4,2,0,37,2026,0,8608.784722222223,8510.175451388888,25.606249,6.454167999999999,0.0
2026-02-07,8171.594479166666,11088.15,6364.19,101.57913194444444,9199.3,30.45,21.2,25.652082,0.0,15.815435,5,2,1,38,2026,0,8379.608194444445,8590.705451388889,24.454168,7.652082,0.0
2026-02-08,7633.152465277778,8747.6,6847.16,75.03722222222223,120.89,24.65,21.8,22.985415,5.4,20.12461,6,2,1,39,2026,0,8171.594479166666,7955.429340277778,25.652082,4.985415,0.0
2026-02-09,8167.101319444445,10209.72,6576.12,95.4167361111111,154.2,27.35,21.35,22.820831,8.700002,11.7,0,2,0,40,2026,0,7633.152465277778,6596.490555555556,22.985415,4.820830999999998,0.0
2026-02-10,8116.153506944444,10621.19,6724.74,112.77586805555556,199.22,25.8,20.8,23.183332,0.0,9.97986,1,2,0,41,2026,0,8167.101319444445,6998.6653125,22.820831,5.183332,0.0
2026-02-11,8921.201041666667,12969.33,6792.42,127.13885416666666,686.87,29.25,20.25,24.720835,0.0,19.017065,2,2,0,42,2026,0,8116.153506944444,7131.972118055555,23.183332,6.720835000000001,0.0
2026-02-12,8124.6746875,8977.29,6932.08,68.7761111111111,147.51,25.55,18.65,22.131254,3.1999998,29.82193,3,2,0,43,2026,0,8921.201041666667,8608.784722222223,24.720835,4.131253999999998,0.0
2026-02-13,7375.83875,8259.12,6327.49,70.88402777777777,125.23,22.4,18.4,20.183332,0.2,15.735336,4,2,0,44,2026,0,8124.6746875,8379.608194444445,22.131254,2.183332,0.0
2026-02-14,6736.9353125,7958.94,5387.51,43.02229166666667,66.5,23.75,17.6,20.439583,3.9,16.85669,5,2,1,45,2026,0,7375.83875,8171.594479166666,20.183332,2.439582999999999,0.0
2026-02-15,6557.369305555556,8165.56,5157.46,37.40777777777778,73.19,22.0,18.0,19.59583,8.2,13.870515,6,2,1,46,2026,0,6736.9353125,7633.152465277778,20.439583,1.5958299999999994,0.0
2026-02-16,6988.428263888889,8780.69,5475.84,46.38204861111112,121.91,23.7,17.35,20.433332,3.3999996,15.596767,0,2,0,47,2026,0,6557.369305555556,8167.101319444445,19.59583,2.433332,0.0
2026-02-17,7184.716215277778,9872.4,4944.66,41.94833333333334,108.01,27.15,16.7,21.616667,0.0,20.750027,1,2,0,48,2026,0,6988.428263888889,8116.153506944444,20.433332,3.6166669999999996,0.0
2026-02-18,8161.859687499999,10377.96,6438.46,54.51809027777778,108.01,36.85,19.8,25.383337,0.4,23.576563,2,2,0,49,2026,0,7184.716215277778,8921.201041666667,21.616667,7.383337000000001,0.0
2026-02-19,8266.109965277778,11038.67,6623.23,73.53958333333334,147.51,27.05,21.2,23.962502,0.8000001,17.505404,3,2,0,50,2026,0,8161.859687499999,8124.6746875,25.383337,5.962502000000001,0.0
2026-02-20,8414.273541666666,10213.61,6976.62,80.35309027777777,127.88,27.05,22.8,24.349998,0.1,18.335276,4,2,0,51,2026,0,8266.109965277778,7375.83875,23.962502,6.349997999999999,0.0
2026-02-21,8274.802708333335,10557.26,6807.36,66.8614236111111,114.25,32.05,21.85,25.816666,1.1,14.572219,5,2,1,52,2026,0,8414.273541666666,6736.9353125,24.349998,7.8166660000000014,0.0
2026-02-22,8311.248159722223,11443.37,6424.25,53.50836805555556,100.03,32.9,21.55,26.28958,5.9000006,14.664202,6,2,1,53,2026,0,8274.802708333335,6557.369305555556,25.816666,8.28958,0.0
2026-02-23,8895.5753125,10678.13,7142.31,71.32631944444444,109.73,27.3,22.2,24.39583,0.6,14.74902,0,2,0,54,2026,0,8311.248159722223,6988.428263888889,26.28958,6.39583,0.0
2026-02-24,8780.628958333335,11928.93,6980.26,83.96041666666666,133.87,28.65,20.8,24.41667,0.0,21.67786,1,2,0,55,2026,0,8895.5753125,7184.716215277778,24.39583,6.41667,0.0
2026-02-25,8574.364895833332,10692.09,7083.5,65.73465277777778,147.52,27.6,21.4,24.018753,0.6,21.535404,2,2,0,56,2026,0,8780.628958333335,8161.859687499999,24.41667,6.018753,0.0
2026-02-26,8102.626041666666,9621.69,6848.12,45.98590277777778,93.14,24.75,20.7,22.218752,14.7,20.397263,3,2,0,57,2026,0,8574.364895833332,8266.109965277778,24.018753,4.2187519999999985,0.0
2026-02-27,7928.1869097222225,8964.12,6777.27,49.322430555555556,108.89,23.05,20.55,21.677084,12.800001,19.023878,4,2,0,58,2026,0,8102.626041666666,8414.273541666666,22.218752,3.6770840000000007,0.0
2026-02-28,7073.891354166666,8838.52,5835.26,37.11572916666667,73.19,24.65,20.3,22.15625,1.9000001,15.779543,5,2,1,59,2026,0,7928.1869097222225,8274.802708333335,21.677084,4.15625,0.0
2026-03-01,7185.201076388888,8769.38,6031.76,34.08809027777778,66.0,24.9,20.2,22.374998,1.7000002,12.007498,6,3,1,60,2026,0,7073.891354166666,8311.248159722223,22.15625,4.3749980000000015,0.0
2026-03-02,8096.356284722222,9975.77,6547.17,67.03291666666667,106.18,26.05,21.3,23.158335,4.4,23.277834,0,3,0,61,2026,0,7185.201076388888,8895.5753125,22.374998,5.158335000000001,0.0
2026-03-03,8195.47545138889,9725.94,6796.35,76.72232638888889,145.83,25.5,21.05,22.795835,0.7,16.997377,1,3,0,62,2026,0,8096.356284722222,8780.628958333335,23.158335,4.795835,0.0
2026-03-04,8372.840104166668,10829.52,6741.39,85.03409722222221,135.53,28.25,21.0,24.06875,0.3,15.013554,2,3,0,63,2026,0,8195.47545138889,8574.364895833332,22.795835,6.068750000000001,0.0
2026-03-05,8628.576875,11545.02,6919.54,94.96142361111112,173.03,27.5,20.95,23.799997,5.7000003,11.157097,3,3,0,64,2026,0,8372.840104166668,8102.626041666666,24.06875,5.799997000000001,0.0
2026-03-06,8692.351840277777,11012.24,7056.48,86.60138888888889,138.42,26.85,21.4,24.008333,0.2,14.799459,4,3,0,65,2026,0,8628.576875,7928.1869097222225,23.799997,6.008333,0.0
2026-03-07,8122.243229166666,9764.47,7004.21,79.9148263888889,137.8,27.4,21.35,23.74375,7.9999995,19.619999,5,3,1,66,2026,0,8692.351840277777,7073.891354166666,24.008333,5.743749999999999,0.0
2026-03-08,7156.711284722222,8577.6,6310.34,61.73538194444445,99.0,22.75,20.65,21.441666,24.4,25.241108,6,3,1,67,2026,0,8122.243229166666,7185.201076388888,23.74375,3.4416660000000014,0.0
2026-03-09,7613.251562500001,9159.03,6316.37,85.76465277777778,134.89,23.45,19.65,21.445831,9.6,21.274294,0,3,0,68,2026,0,7156.711284722222,8096.356284722222,21.441666,3.4458309999999983,0.0
2026-03-10,7632.609131944445,9687.96,6444.83,64.46034722222223,144.32,25.5,19.1,21.791666,8.299999,11.681987,1,3,0,69,2026,0,7613.251562500001,8195.47545138889,21.445831,3.7916659999999993,0.0
2026-03-11,7743.534097222222,10893.93,5674.14,47.790868055555556,90.58,26.55,19.25,23.012499,0.0,24.230566,2,3,0,70,2026,0,7632.609131944445,8372.840104166668,21.791666,5.012498999999998,0.0
2026-03-12,7413.541458333333,9399.62,5820.96,49.35854166666667,105.79,23.6,20.0,21.866667,0.2,20.38773,3,3,0,71,2026,0,7743.534097222222,8628.576875,23.012499,3.8666669999999996,0.0
2026-03-13,7116.7803125,8294.1,5574.72,60.15194444444445,100.01,20.45,18.1,19.347916,4.6,26.825436,4,3,0,72,2026,0,7413.541458333333,8692.351840277777,21.866667,1.3479160000000014,0.0
2026-03-14,6294.003055555555,8100.41,4389.63,33.15184027777778,76.78,22.9,15.35,19.595833,0.0,14.33234,5,3,1,73,2026,0,7116.7803125,8122.243229166666,19.347916,1.595832999999999,0.0
2026-03-15,6258.644340277778,8917.31,3526.01,43.246111111111105,104.57,25.2,15.05,20.34583,0.0,18.222721,6,3,1,74,2026,0,6294.003055555555,7156.711284722222,19.595833,2.3458299999999994,0.0
2026-03-16,7474.927326388888,9649.73,5745.65,89.60368055555556,176.74,26.05,16.3,21.614584,0.0,19.091883,0,3,0,75,2026,0,6258.644340277778,7613.251562500001,20.34583,3.6145840000000007,0.0
2026-03-17,8074.687083333333,9825.62,6590.31,114.14159722222222,181.02,28.25,19.45,22.9375,4.3999996,14.822429,1,3,0,76,2026,0,7474.927326388888,7632.609131944445,21.614584,4.9375,0.0
2026-03-18,7921.177118055555,9272.06,6690.06,107.6875,147.52,22.6,18.95,21.008333,14.600002,15.079229,2,3,0,77,2026,0,8074.687083333333,7743.534097222222,22.9375,3.0083330000000004,0.0
2026-03-19,8046.225659722223,9309.26,6653.0,120.98531249999999,189.59,23.45,19.9,21.30625,12.900001,7.9036193,3,3,0,78,2026,0,7921.177118055555,7413.541458333333,21.008333,3.3062499999999986,0.0
2026-03-20,7626.509548611111,9137.33,6606.71,88.07895833333333,154.44,24.55,19.25,21.660416,4.1000004,15.133923,4,3,0,79,2026,0,8046.225659722223,7116.7803125,21.30625,3.6604160000000014,0.0
2026-03-21,7182.468229166667,8627.44,5773.82,72.65621527777779,112.53,24.65,18.65,21.206247,11.8,16.204998,5,3,1,80,2026,0,7626.509548611111,6294.003055555555,21.660416,3.206247000000001,0.0
2026-03-22,6788.504895833333,9008.7,5032.94,66.510625,124.58,25.0,18.7,21.918747,0.2,13.529966,6,3,1,81,2026,0,7182.468229166667,6258.644340277778,21.206247,3.9187469999999998,0.0
2026-03-23,7551.685902777778,9456.24,5844.3,80.36496527777778,154.63,24.4,19.1,21.7875,3.1999998,14.414617,0,3,0,82,2026,0,6788.504895833333,7474.927326388888,21.918747,3.7875000000000014,0.0
2026-03-24,7519.983854166667,9504.95,5975.25,76.834375,144.87,25.6,18.2,21.75208,0.8,12.295462,1,3,0,83,2026,0,7551.685902777778,8074.687083333333,21.7875,3.7520799999999994,0.0
2026-03-25,7544.950104166666,9716.35,5667.61,74.55975694444444,147.0,25.95,17.8,21.622917,0.2,13.605189,2,3,0,84,2026,0,7519.983854166667,7921.177118055555,21.75208,3.622917000000001,0.0
2026-03-26,7810.7071875,9784.65,6553.17,74.75736111111111,143.65,27.9,18.15,21.727081,13.900001,15.779543,3,3,0,85,2026,0,7544.950104166666,8046.225659722223,21.622917,3.7270809999999983,0.0
2026-03-27,7360.327118055556,8691.89,6306.52,44.111423611111114,98.14,18.25,12.3,15.345833,12.0,30.345354,4,3,0,86,2026,0,7810.7071875,7626.509548611111,21.727081,0.0,2.6541669999999993
2026-03-28,6236.314201388889,7978.08,3839.58,44.40361111111111,86.11,20.9,14.05,17.00625,0.0,22.981565,5,3,1,87,2026,0,7360.327118055556,7182.468229166667,15.345833,0.0,0.9937499999999986
2026-03-29,6054.318506944444,8155.1,3684.57,42.256840277777776,98.14,21.35,13.05,17.739584,0.0,15.256526,6,3,1,88,2026,0,6236.314201388889,6788.504895833333,17.00625,0.0,0.2604159999999993
2026-03-30,6842.622013888888,8742.21,5106.0,60.744166666666665,133.18,22.9,14.0,18.402084,0.2,12.466867,0,3,0,89,2026,0,6054.318506944444,7551.685902777778,17.739584,0.40208399999999855,0.0
2026-03-31,6993.5993402777785,8948.15,5184.37,53.28986111111111,101.1,23.35,13.55,18.835417,0.0,14.935662,1,3,0,90,2026,0,6842.622013888888,7519.983854166667,18.402084,0.8354169999999996,0.0
2026-04-01,7013.258229166666,9046.59,4982.05,78.68277777777777,153.54,24.65,14.85,20.102081,0.0,16.09969,2,4,0,91,2026,0,6993.5993402777785,7544.950104166666,18.835417,2.1020809999999983,0.0
2026-04-02,7179.317638888889,9069.83,5375.98,81.77597222222222,235.26,26.2,16.4,20.68125,0.0,14.182355,3,4,0,92,2026,0,7013.258229166666,7810.7071875,20.102081,2.6812499999999986,0.0
2026-04-03,6543.935312500001,8098.17,5131.56,57.10253472222222,104.89,23.8,16.35,20.239582,0.9000001,23.400002,4,4,0,93,2026,0,7179.317638888889,7360.327118055556,20.68125,2.2395819999999986,0.0
2026-04-04,6876.260590277778,7910.4,6049.29,54.55618055555556,143.01,20.15,17.2,18.749998,6.2999988,20.778112,5,4,1,94,2026,0,6543.935312500001,6236.314201388889,20.239582,0.7499980000000015,0.0
2026-04-05,6204.8694444444445,7779.53,4434.89,46.61729166666667,88.89,21.3,16.1,18.202082,3.7999997,12.881008,6,4,1,95,2026,0,6876.260590277778,6054.318506944444,18.749998,0.20208200000000076,0.0
2026-04-06,6727.80125,8472.44,5486.35,75.06607638888889,113.45,21.05,13.7,16.94375,1.9000001,7.69592,0,4,0,96,2026,0,6204.8694444444445,6842.622013888888,18.202082,0.0,1.0562499999999986
2026-04-07,7019.802951388889,9248.03,5018.16,80.43395833333334,166.13,26.6,13.9,20.050001,0.0,10.829959,1,4,0,97,2026,0,6727.80125,6993.5993402777785,16.94375,2.0500010000000017,0.0
2026-04-08,7118.289375,9299.04,5459.62,89.63159722222223,237.86,25.9,17.15,21.029165,0.0,13.493999,2,4,0,98,2026,0,7019.802951388889,7013.258229166666,20.050001,3.029164999999999,0.0
2026-04-09,7432.9103125,9894.84,5582.72,67.60225694444445,187.79,27.55,17.05,21.879168,0.0,17.782688,3,4,0,99,2026,0,7118.289375,7179.317638888889,21.029165,3.879168,0.0
2026-04-10,7627.657847222222,9473.15,6347.06,64.61184027777777,126.2,29.55,18.75,23.431252,0.0,16.546297,4,4,0,100,2026,0,7432.9103125,6543.935312500001,21.879168,5.431252000000001,0.0
2026-04-11,6387.283854166667,8397.96,4116.78,42.40284722222222,99.9,24.65,15.6,20.312498,0.3,21.41319,5,4,1,101,2026,0,7627.657847222222,6876.260590277778,23.431252,2.3124980000000015,0.0
2026-04-12,6097.141111111111,8354.36,3494.21,33.55170138888889,81.65,20.25,12.0,16.074999,0.0,27.014996,6,4,1,102,2026,0,6387.283854166667,6204.8694444444445,20.312498,0.0,1.9250010000000017
2026-04-13,6731.174791666667,9059.34,4475.52,54.16159722222222,127.16,22.8,12.6,17.035418,0.0,21.650938,0,4,0,103,2026,0,6097.141111111111,6727.80125,16.074999,0.0,0.964582
2026-04-14,6879.199756944445,9085.16,4551.68,67.01065972222221,134.89,23.15,12.6,17.272915,0.0,15.273505,1,4,0,104,2026,0,6731.174791666667,7019.802951388889,17.035418,0.0,0.7270849999999989
2026-04-15,6764.482291666666,8957.26,4503.96,70.68524305555555,177.06,25.0,11.65,17.614584,0.0,12.284918,2,4,0,105,2026,0,6879.199756944445,7118.289375,17.272915,0.0,0.3854159999999993
2026-04-16,6962.531041666666,9071.61,4851.25,53.956180555555555,122.2,26.3,13.25,19.089582,0.0,10.706596,3,4,0,106,2026,0,6764.482291666666,7432.9103125,17.614584,1.089582,0.0
2026-04-17,7016.694166666666,8924.94,5328.14,49.804409722222225,91.7,27.5,12.9,18.752083,2.8999999,23.289661,4,4,0,107,2026,0,6962.531041666666,7627.657847222222,19.089582,0.752082999999999,0.0
2026-04-18,6356.213923611112,8385.66,3785.45,54.21559027777778,120.0,19.1,10.65,15.1375,0.0,15.655862,5,4,1,108,2026,0,7016.694166666666,6387.283854166667,18.752083,0.0,2.8625000000000007
2026-04-19,6282.7974652777775,8523.72,3733.95,58.783993055555555,125.25,20.0,10.35,15.006249,0.0,17.134071,6,4,1,109,2026,0,6356.213923611112,6097.141111111111,15.1375,0.0,2.9937509999999996
2026-04-20,6975.8928472222215,9135.48,5242.45,67.04395833333334,133.03,20.5,10.85,16.025,0.0,21.27734,0,4,0,110,2026,0,6282.7974652777775,6731.174791666667,15.006249,0.0,1.9750000000000014
2026-04-21,7365.712916666666,9221.42,6286.78,53.88767361111111,103.9,19.5,14.6,16.691668,4.5999994,19.649702,1,4,0,111,2026,0,6975.8928472222215,6879.199756944445,16.025,0.0,1.308332
2026-04-22,7295.652256944445,9192.06,5909.27,48.71725694444444,98.14,20.4,15.15,17.491667,1.0,16.116785,2,4,0,112,2026,0,7365.712916666666,6764.482291666666,16.691668,0.0,0.5083330000000004
2026-04-23,7401.1118750000005,9132.65,5981.42,53.69506944444444,99.04,21.25,13.6,17.510416,0.0,14.178927,3,4,0,113,2026,0,7295.652256944445,6962.531041666666,17.491667,0.0,0.4895840000000007
2026-04-24,7254.554409722222,8950.68,6007.11,55.35013888888889,92.63,22.3,14.9,18.233332,0.2,11.298495,4,4,0,114,2026,0,7401.1118750000005,7016.694166666666,17.510416,0.23333200000000076,0.0
2026-04-25,6462.799999999999,8118.98,4569.84,46.80815972222222,90.02,23.3,13.9,18.164583,0.0,14.396625,5,4,1,115,2026,1,7254.554409722222,6356.213923611112,18.233332,0.16458300000000037,0.0
2026-04-26,6277.29875,8285.68,4155.43,50.92309027777778,98.41,23.1,12.65,17.479164,0.0,14.81915,6,4,1,116,2026,0,6462.799999999999,6282.7974652777775,18.164583,0.0,0.5208359999999992
2026-04-27,6539.190972222223,8605.69,4674.92,62.36774305555556,120.0,22.9,11.25,16.829166,0.0,11.792404,0,4,0,117,2026,0,6277.29875,6975.8928472222215,17.479164,0.0,1.1708339999999993
2026-04-28,7114.063263888889,9228.01,5316.15,62.06149305555555,124.54,22.8,12.3,17.277082,0.0,12.303366,1,4,0,118,2026,0,6539.190972222223,7365.712916666666,16.829166,0.0,0.722918
2026-04-29,7184.691493055555,9021.0,5440.57,56.32256944444444,121.2,23.15,11.75,17.416666,0.0,11.53265,2,4,0,119,2026,0,7114.063263888889,7295.652256944445,17.277082,0.0,0.5833340000000007
2026-04-30,7315.176458333332,9208.51,5993.13,54.22291666666667,87.46,23.1,14.6,18.383331,0.1,13.18308,3,4,0,120,2026,0,7184.691493055555,7401.1118750000005,17.416666,0.3833309999999983,0.0
2026-05-01,7315.355173611111,8959.15,6197.41,58.215937499999995,90.0,22.2,13.85,17.954166,0.4,9.504272,4,5,0,121,2026,0,7315.176458333332,7254.554409722222,18.383331,0.0,0.045833999999999264
2026-05-02,6924.360729166667,8407.22,5844.92,46.203159722222225,79.0,22.95,15.8,19.593752,1.2,20.327251,5,5,1,122,2026,0,7315.355173611111,6462.799999999999,17.954166,1.5937519999999985,0.0
2026-05-03,6714.381145833333,8626.65,5270.43,44.48663194444444,77.02,24.4,16.1,20.335417,0.0,19.85556,6,5,1,123,2026,0,6924.360729166667,6277.29875,19.593752,2.3354169999999996,0.0
2026-05-04,7660.655590277778,9361.03,6057.29,67.2571875,97.67,20.9,15.85,18.562498,4.4,15.517629,0,5,0,124,2026,0,6714.381145833333,6539.190972222223,20.335417,0.5624980000000015,0.0
2026-05-05,7171.648888888889,9183.76,5446.31,84.2961111111111,152.27,22.15,12.9,17.166666,0.5,14.401124,1,5,0,125,2026,0,7660.655590277778,7114.063263888889,18.562498,0.0,0.8333340000000007
2026-05-06,7345.544201388889,9163.14,5819.73,82.15621527777779,162.25,21.15,11.0,15.810417,0.0,10.993271,2,5,0,126,2026,0,7171.648888888889,7184.691493055555,17.166666,0.0,2.1895830000000007
2026-05-07,7581.852881944444,10131.01,5689.89,51.217013888888886,90.0,17.0,10.45,13.41875,0.1,26.713478,3,5,0,127,2026,0,7345.544201388889,7315.176458333332,15.810417,0.0,4.581250000000001
2026-05-08,7577.3553125,9544.64,5420.69,48.216770833333335,105.84,18.95,9.95,14.174999,0.0,22.845821,4,5,0,128,2026,0,7581.852881944444,7315.355173611111,13.41875,0.0,3.8250010000000003
2026-05-09,6975.861805555555,8753.25,4737.01,76.29930555555556,123.77,20.55,11.2,15.441667,0.0,14.275713,5,5,1,129,2026,0,7577.3553125,6924.360729166667,14.174999,0.0,2.5583329999999993
2026-05-10,6835.981527777778,8521.67,4755.09,75.19479166666666,122.61,21.3,10.0,15.65625,0.0,16.344355,6,5,1,130,2026,0,6975.861805555555,6714.381145833333,15.441667,0.0,2.34375
2026-05-11,7510.071631944444,9491.37,6270.1,72.39409722222223,121.2,21.7,14.65,18.045832,1.3000001,13.619472,0,5,0,131,2026,0,6835.981527777778,7660.655590277778,15.65625,0.04583200000000076,0.0
2026-05-12,7665.512256944444,9445.05,6438.38,68.20416666666667,116.01,20.35,15.65,17.758333,5.299999,18.13003,1,5,0,132,2026,0,7510.071631944444,7171.648888888889,18.045832,0.0,0.24166699999999963
2026-05-13,7728.284791666667,9486.12,6374.53,71.44125000000001,119.6,18.55,16.3,17.381248,11.0,14.233664,2,5,0,133,2026,0,7665.512256944444,7345.544201388889,17.758333,0.0,0.6187520000000006
2026-05-14,7646.646250000001,9394.99,6511.0,82.00586805555555,217.82,20.1,14.95,17.343752,2.1000001,12.229406,3,5,0,134,2026,0,7728.284791666667,7581.852881944444,17.381248,0.0,0.6562480000000015
2026-05-15,7630.950590277778,9112.18,6591.66,58.748437499999994,100.11,19.75,13.65,16.458334,1.8000001,9.016185,4,5,0,135,2026,0,7646.646250000001,7577.3553125,17.343752,0.0,1.5416659999999993
2026-05-16,7041.931076388889,8507.83,5835.73,69.10375,120.0,20.2,13.0,16.510416,2.1,13.18308,5,5,1,136,2026,0,7630.950590277778,6975.861805555555,16.458334,0.0,1.4895840000000007
2026-05-17,7258.265208333333,8972.05,6170.46,132.36600694444442,290.01,21.1,14.7,17.510416,1.1000001,12.257194,6,5,1,137,2026,0,7041.931076388889,6835.981527777778,16.510416,0.0,0.4895840000000007
2026-05-18,8223.795451388889,9918.2,6302.63,181.90934027777777,341.14,20.0,15.6,17.422915,14.299999,8.669949,0,5,0,138,2026,0,7258.265208333333,7510.071631944444,17.510416,0.0,0.5770850000000003
2026-05-19,8085.889652777779,9840.2,6588.3,84.30215277777778,130.98,20.3,15.05,16.981249,7.999999,16.580532,1,5,0,139,2026,0,8223.795451388889,7665.512256944444,17.422915,0.0,1.0187510000000017
2026-05-20,7667.586388888889,9807.11,6053.97,71.77979166666665,192.88,17.85,12.1,14.4645815,0.0,16.029099,2,5,0,140,2026,0,8085.889652777779,7728.284791666667,16.981249,0.0,3.5354185000000005
2026-05-21,7837.3644791666675,9807.69,6160.06,107.46538194444445,207.03,17.35,11.15,14.329167,2.3000002,21.872036,3,5,0,141,2026,0,7667.586388888889,7646.646250000001,14.4645815,0.0,3.670833
2026-05-22,7923.809513888889,9583.84,6698.69,82.5242013888889,200.06,18.7,13.55,15.962501,5.1,21.175835,4,5,0,142,2026,0,7837.3644791666675,7630.950590277778,14.329167,0.0,2.0374990000000004
2026-05-23,7563.406388888889,9328.91,6434.74,58.252291666666665,105.41,18.65,15.65,16.989584,4.8,16.676977,5,5,1,143,2026,0,7923.809513888889,7041.931076388889,15.962501,0.0,1.0104159999999993
2026-05-24,7383.963923611111,9242.82,6288.53,88.8464236111111,142.67,20.0,14.2,17.029165,2.5,10.478722,6,5,1,144,2026,0,7563.406388888889,7258.265208333333,16.989584,0.0,0.970835000000001
2026-05-25,7839.562777777778,9581.81,6391.25,94.58906250000001,144.39,19.8,14.7,17.15,5.6,9.444426,0,5,0,145,2026,0,7383.963923611111,8223.795451388889,17.029165,0.0,0.8500000000000014
2026-05-26,8330.200069444445,10008.2,6397.45,106.54934027777777,224.1,19.3,16.05,17.539583,16.4,10.163227,1,5,0,146,2026,0,7839.562777777778,8085.889652777779,17.15,0.0,0.46041699999999963
2026-05-27,7922.328402777778,9602.79,6628.66,157.06069444444447,246.97,20.9,15.3,17.852083,5.8999996,12.835653,2,5,0,147,2026,0,8330.200069444445,7667.586388888889,17.539583,0.0,0.14791699999999963
2026-05-28,8169.774409722221,9831.83,6560.34,135.34614583333334,198.56,19.95,16.9,18.143747,21.4,19.42416,3,5,0,148,2026,0,7922.328402777778,7837.3644791666675,17.852083,0.14374700000000118,0.0
2026-05-29,7923.144409722222,9375.6,6684.3,97.66125,284.19,19.3,14.65,17.204166,14.8,25.787788,4,5,0,149,2026,0,8169.774409722221,7923.809513888889,18.143747,0.0,0.7958339999999993
2026-05-30,7311.894236111111,9264.11,5737.38,40.77659722222222,77.07,18.4,11.8,14.447918,0.0,20.82484,5,5,1,150,2026,0,7923.144409722222,7563.406388888889,17.204166,0.0,3.5520820000000004
2026-05-31,7246.1809722222215,9613.98,5452.41,47.48090277777778,102.96,17.9,11.3,13.860416,0.0,19.201874,6,5,1,151,2026,0,7311.894236111111,7383.963923611111,14.447918,0.0,4.139583999999999
2026-06-01,8075.734861111112,10750.76,6054.78,51.00659722222222,102.48,16.15,9.6,12.391665,0.0,18.844202,0,6,0,152,2026,0,7246.1809722222215,7839.562777777778,13.860416,0.0,5.608335
2026-06-02,8745.770590277778,10831.83,6802.02,51.58611111111111,97.25,17.45,10.95,13.829165,6.7,28.67485,1,6,0,153,2026,0,8075.734861111112,8330.200069444445,12.391665,0.0,4.170835
2026-06-03,7909.511215277777,10103.16,6404.56,42.15739583333333,78.39,19.55,12.9,15.627084,0.0,22.163403,2,6,0,154,2026,0,8745.770590277778,7922.328402777778,13.829165,0.0,2.372916
2026-06-04,8244.207465277777,10540.15,6745.51,51.20291666666667,80.55,17.5,11.6,13.875,0.1,20.36865,3,6,0,155,2026,0,7909.511215277777,8169.774409722221,15.627084,0.0,4.125
2026-06-05,8286.698854166667,10261.57,6828.6,70.0965625,109.28,17.85,10.3,13.393753,1.7,20.91256,4,6,0,156,2026,0,8244.207465277777,7923.144409722222,13.875,0.0,4.606247
2026-06-06,7744.479548611111,9646.65,5690.87,77.9582638888889,131.7,16.75,8.3,12.027083,0.0,16.412603,5,6,1,157,2026,0,8286.698854166667,7311.894236111111,13.393753,0.0,5.972917000000001
2026-06-07,7592.474548611111,9490.97,5579.73,83.98611111111111,130.71,17.45,8.3,12.314583,0.0,11.989945,6,6,1,158,2026,0,7744.479548611111,7246.1809722222215,12.027083,0.0,5.685416999999999
2026-06-08,7724.885486111111,9945.98,6286.65,68.93833333333333,114.12,18.0,7.85,12.875,0.1,9.914717,0,6,0,159,2026,0,7592.474548611111,8075.734861111112,12.314583,0.0,5.125
2026-06-09,8223.033159722221,10362.82,6724.86,80.33881944444444,124.2,18.8,9.8,14.452084,1.5,15.042659,1,6,0,160,2026,0,7724.885486111111,8745.770590277778,12.875,0.0,3.5479160000000007
2026-06-10,8006.324375,9776.45,6670.67,86.20788194444444,137.89,21.2,11.45,16.229166,0.0,11.966954,2,6,0,161,2026,0,8223.033159722221,7909.511215277777,14.452084,0.0,1.7708340000000007
2026-06-11,8071.335555555556,9785.3,6583.44,100.13875,199.67,19.9,13.6,16.329166,2.3,14.508715,3,6,0,162,2026,0,8006.324375,8244.207465277777,16.229166,0.0,1.6708339999999993
2026-06-12,7949.305173611112,9503.18,6677.31,69.62815972222222,111.0,19.3,13.9,16.222914,0.4,11.157097,4,6,0,163,2026,0,8071.335555555556,8286.698854166667,16.329166,0.0,1.7770860000000006
2026-06-13,7352.421423611111,8924.36,6086.17,55.72447916666667,97.02,20.55,12.2,16.1375,0.0,10.399576,5,6,1,164,2026,0,7949.305173611112,7744.479548611111,16.222914,0.0,1.8625000000000007
2026-06-14,7516.492291666666,9374.75,6259.01,72.79479166666667,111.0,19.4,14.55,16.433332,3.1,16.59225,6,6,1,165,2026,0,7352.421423611111,7592.474548611111,16.1375,0.0,1.566668
2026-06-15,8109.390555555556,10135.49,6399.11,67.36993055555556,132.02,18.65,13.65,16.241665,1.7000002,14.2336645,0,6,0,166,2026,0,7516.492291666666,7724.885486111111,16.433332,0.0,1.7583349999999989
2026-06-16,7895.399583333334,9842.67,6280.49,60.372187499999995,88.88,19.9,11.45,15.2625,0.0,10.993271,1,6,0,167,2026,0,8109.390555555556,8223.033159722221,16.241665,0.0,2.7375000000000007
2026-06-17,8262.747777777777,10043.14,6699.15,68.5378125,111.03,19.5,11.85,15.0625,0.0,10.018743,2,6,0,168,2026,0,7895.399583333334,8006.324375,15.2625,0.0,2.9375
2026-06-18,8154.838541666667,10054.65,6704.77,60.09722222222222,80.58,21.05,12.85,16.489582,0.0,17.986494,3,6,0,169,2026,0,8262.747777777777,8071.335555555556,15.0625,0.0,1.5104180000000014
2026-06-19,8296.372673611111,9819.82,6613.66,56.20506944444444,82.68,20.45,14.8,17.668749,0.0,22.766264,4,6,0,170,2026,0,8154.838541666667,7949.305173611112,16.489582,0.0,0.33125100000000174
2026-06-20,7506.790451388889,9272.24,6276.71,71.10628472222223,101.72,19.1,11.95,15.060417,0.0,15.804164,5,6,1,171,2026,0,8296.372673611111,7352.421423611111,17.668749,0.0,2.9395830000000007
2026-06-21,7634.282465277778,9916.2,5909.61,89.1121875,182.85,17.2,8.8,12.993751,0.0,12.781267,6,6,1,172,2026,0,7506.790451388889,7516.492291666666,15.060417,0.0,5.006249
2026-06-22,8495.583993055556,10794.35,6784.69,102.68461805555555,298.99,16.6,8.6,12.406251,0.0,13.32,0,6,0,173,2026,0,7634.282465277778,8109.390555555556,12.993751,0.0,5.593749000000001
2026-06-23,8861.958819444444,11132.34,6992.98,121.65128472222221,232.0,15.85,8.15,11.558334,0.0,14.428097,1,6,0,174,2026,0,8495.583993055556,7895.399583333334,12.406251,0.0,6.441666
2026-06-24,8840.503229166667,10925.55,6911.95,153.90350694444444,299.99,17.1,6.95,12.054166,0.8000001,16.459915,2,6,0,175,2026,0,8861.958819444444,8262.747777777777,11.558334,0.0,5.945834
2026-06-25,9315.881076388889,11316.71,7335.8,142.22652777777776,232.0,16.05,11.65,13.2375,14.5,14.20062,3,6,0,176,2026,0,8840.503229166667,8154.838541666667,12.054166,0.0,4.762499999999999
2026-06-26,9073.50111111111,10942.08,7344.23,130.18350694444445,221.15,15.1,9.75,12.410417,4.2,10.234705,4,6,0,177,2026,0,9315.881076388889,8296.372673611111,13.2375,0.0,5.589582999999999
2026-06-27,8635.318923611112,10531.14,7260.05,111.93201388888889,175.0,15.6,10.55,12.493752,3.7999995,9.0018,5,6,1,178,2026,0,9073.50111111111,7506.790451388889,12.410417,0.0,5.506247999999999
2026-06-28,8350.83375,10555.63,6906.12,81.55180555555556,120.68,16.25,10.05,12.858333,8.2,14.357185,6,6,1,179,2026,0,8635.318923611112,7634.282465277778,12.493752,0.0,5.141667
2026-06-29,8787.311979166667,10858.57,6865.94,99.61805555555556,173.62,16.85,9.55,13.09375,1.2000002,10.062305,0,6,0,180,2026,0,8350.83375,8495.583993055556,12.858333,0.0,4.90625
2026-06-30,9031.085520833332,11056.49,7029.33,120.54503472222223,175.0,18.0,10.25,14.270835,0.6,15.941944,1,6,0,181,2026,0,8787.311979166667,8861.958819444444,13.09375,0.0,3.729165
2026-07-01,8370.588506944443,10190.29,6905.13,92.0778125,129.45,21.05,13.35,16.839586,0.0,20.833395,2,7,0,182,2026,0,9031.085520833332,8840.503229166667,14.270835,0.0,1.1604139999999994
2026-07-02,7931.303124999999,9776.65,6331.82,73.57947916666666,134.89,21.2,14.4,17.297916,2.5,20.973671,3,7,0,183,2026,0,8370.588506944443,9315.881076388889,16.839586,0.0,0.7020839999999993
2026-07-03,8221.649722222222,10359.9,6754.98,60.29958333333333,121.09,16.85,11.3,14.16875,0.0,21.316135,4,7,0,184,2026,0,7931.303124999999,9073.50111111111,17.297916,0.0,3.8312500000000007
2026-07-04,7865.081076388889,9899.51,5741.94,65.50732638888888,111.01,16.8,9.5,12.487499,0.0,16.985933,5,7,1,185,2026,0,8221.649722222222,8635.318923611112,14.16875,0.0,5.512501
2026-07-05,8395.720243055555,10917.18,6970.74,72.96048611111111,111.01,14.15,6.8,11.141665,3.3,19.656296,6,7,1,186,2026,0,7865.081076388889,8350.83375,12.487499,0.0,6.858335
2026-07-06,8965.843611111111,11443.99,6898.92,80.15850694444445,124.98,15.25,11.95,13.572918,6.399999,22.315643,0,7,0,187,2026,0,8395.720243055555,8787.311979166667,11.141665,0.0,4.427082
2026-07-07,9016.268784722222,11199.64,7286.33,100.80208333333333,147.88,15.65,10.95,12.9958315,3.7,21.637466,1,7,0,188,2026,0,8965.843611111111,9031.085520833332,13.572918,0.0,5.0041685000000005
